﻿<?xml version="1.0" encoding="utf-8" ?>
<Defs>
 
  <ThingDef ParentName="BuildingBase">
    <defName>BarrierD</defName>
    <label>Barrier</label>
    <thingClass>Building</thingClass>
    <description>Strong bulletproof barrier. Thanks to the unique technology, it's light enough to be carried by caravan. Can be reinstalled. Slows movement tremendously. Provides twice more effective cover than sandbags.</description>
    <graphicData>
      <texPath>Security/BarrierTex</texPath>
	  <graphicClass>Graphic_Multi</graphicClass>
      <drawSize>(2,1)</drawSize>
      <damageData>
        <cornerTL>Damage/Corner</cornerTL>
        <cornerTR>Damage/Corner</cornerTR>
        <cornerBL>Damage/Corner</cornerBL>
        <cornerBR>Damage/Corner</cornerBR>
      </damageData>
    </graphicData>
    <size>(2,1)</size>
    <altitudeLayer>Building</altitudeLayer>
	    <stealable>false</stealable>
    <passability>PassThroughOnly</passability>
    <castEdgeShadows>true</castEdgeShadows>
    <fillPercent>0.7</fillPercent>
    <minifiedDef>MinifiedThing</minifiedDef>
	    <thingCategories>
      <li>BuildingsFurniture</li>
    </thingCategories>
    <statBases>
      <MaxHitPoints>500</MaxHitPoints>
      <WorkToBuild>1200</WorkToBuild>
      <Flammability>0</Flammability>
      <Beauty>-15</Beauty>
      <Mass>13</Mass>
    </statBases>
    <stuffCategories>
      <li>Metallic</li>
      <li>Stony</li>
    </stuffCategories>
    <costStuffCount>35</costStuffCount>
    <pathCost>180</pathCost>
	<pathCostIgnoreRepeat>false</pathCostIgnoreRepeat>
    <designationCategory>Security</designationCategory>
	<constructionSkillPrerequisite>3</constructionSkillPrerequisite>
  </ThingDef>
  
  <ThingDef ParentName="BuildingBase">
    <defName>BarrierDD</defName>
    <label>Reinforced barrier</label>
    <thingClass>Building</thingClass>
    <description>Very strong bulletproof barrier. Thanks to the unique technology, it's light enough to be carried by caravan. Can be reinstalled. Slows movement tremendously. Provides 3 times more effective cover than sandbags.</description>
    <graphicData>
      <texPath>Security/BarrierTex2</texPath>
	  <graphicClass>Graphic_Multi</graphicClass>
      <drawSize>(2,1)</drawSize>
      <damageData>
        <cornerTL>Damage/Corner</cornerTL>
        <cornerTR>Damage/Corner</cornerTR>
        <cornerBL>Damage/Corner</cornerBL>
        <cornerBR>Damage/Corner</cornerBR>
      </damageData>
    </graphicData>
    <size>(2,1)</size>
    <altitudeLayer>Building</altitudeLayer>
	    <stealable>false</stealable>
    <passability>PassThroughOnly</passability>
    <castEdgeShadows>true</castEdgeShadows>
    <fillPercent>0.8</fillPercent>
    <minifiedDef>MinifiedThing</minifiedDef>
	    <thingCategories>
      <li>BuildingsFurniture</li>
    </thingCategories>
    <statBases>
      <MaxHitPoints>1000</MaxHitPoints>
      <WorkToBuild>2600</WorkToBuild>
      <Flammability>0</Flammability>
      <Beauty>-15</Beauty>
      <Mass>11</Mass>
    </statBases>
    <stuffCategories>
      <li>Metallic</li>
    </stuffCategories>
    <costStuffCount>85</costStuffCount>
    <pathCost>380</pathCost>
	<pathCostIgnoreRepeat>false</pathCostIgnoreRepeat>
    <designationCategory>Security</designationCategory>
	    <researchPrerequisites>
      <li>ResDefense</li>
    </researchPrerequisites>
	<constructionSkillPrerequisite>7</constructionSkillPrerequisite>
  </ThingDef>
  
  <!--=============== Improvised turret ===============-->
  
  <ThingDef ParentName="BuildingBase">
    <defName>TurretCharge</defName>
    <label>Charge turret</label>
	<description>Weakly protected turret with increased accuracy and range. Shoots energy projectiles that deal 16 damage, every 2.2 seconds. Great for dispatching single targets.</description>
    <thingClass>Building_TurretGun</thingClass>
    <graphicData>
      <texPath>Security/TurretCharge</texPath>
      <graphicClass>Graphic_Single</graphicClass>
      <drawSize>(3,3)</drawSize>
      <damageData>
        <rect>(0.2,0.2,0.6,0.6)</rect>
      </damageData>
	        <shadowData>
        <volume>(0.27,0.25,0.27)</volume>
        <offset>(0,0,0)</offset>
      </shadowData>
    </graphicData>
	<uiIconPath>Security/TurretCharge_UI</uiIconPath>
	<uiIconScale>1.1</uiIconScale>
	<minifiedDef>MinifiedThing</minifiedDef>
    <altitudeLayer>Building</altitudeLayer>
    <stealable>false</stealable>
    <rotatable>false</rotatable>
	 <thingCategories>
      <li>BuildingsSecurity</li>
    </thingCategories>
    <statBases>
      <MaxHitPoints>85</MaxHitPoints>
      <Flammability>0.7</Flammability>
      <WorkToBuild>3500</WorkToBuild>
      <Mass>16</Mass>
      <Beauty>-15</Beauty>
	  <ShootingAccuracyTurret>0.98</ShootingAccuracyTurret>
    </statBases>
    <tickerType>Normal</tickerType>
    <comps>
      <li Class="CompProperties_Explosive">
	  <wickTicks>240</wickTicks>
        <explosiveRadius>2.9</explosiveRadius>
        <explosiveDamageType>Bomb</explosiveDamageType>
        <chanceNeverExplodeFromDamage>0.4</chanceNeverExplodeFromDamage>
      </li>
      <li Class="CompProperties_Forbiddable"/>
      <li Class="CompProperties_Power">
        <compClass>CompPowerTrader</compClass>
        <basePowerConsumption>110</basePowerConsumption>
      </li>
      <li Class="CompProperties_Flickable"/>
      <li Class="CompProperties_Breakdownable"/>
      <li Class="CompProperties_Refuelable">
        <fuelLabel>Shots until rearm</fuelLabel>
        <fuelGizmoLabel>Barrel durability (eftam x90)</fuelGizmoLabel>
        <fuelFilter>
          <thingDefs>
            <li>Eftam</li>
          </thingDefs>
        </fuelFilter>
        <fuelCapacity>60</fuelCapacity>
        <initialFuelPercent>1</initialFuelPercent>
        <autoRefuelPercent>0.75</autoRefuelPercent>
        <showFuelGizmo>true</showFuelGizmo>
        <minimumFueledThreshold>1</minimumFueledThreshold>
        <fuelMultiplier>0.667</fuelMultiplier>
        <factorByDifficulty>true</factorByDifficulty>
        <consumeFuelOnlyWhenUsed>true</consumeFuelOnlyWhenUsed>
        <outOfFuelMessage>Cannot shoot: Needs rearm</outOfFuelMessage>
        <fuelIconPath>UI/Overlays/Barrel</fuelIconPath>
      </li>
    </comps>
    <passability>PassThroughOnly</passability>
    <pathCost>55</pathCost>
    <fillPercent>0.4</fillPercent>
    <hasTooltip>true</hasTooltip>
    <stuffCategories>
      <li>Metallic</li>
    </stuffCategories>
    <costStuffCount>65</costStuffCount>
    <costList>
      <Steel>125</Steel>
      <Mechanites>2</Mechanites>
    </costList>
    <terrainAffordanceNeeded>Light</terrainAffordanceNeeded>
    <designationCategory>Security</designationCategory>
	<constructionSkillPrerequisite>7</constructionSkillPrerequisite>
    <building>
	 <combatPower>55</combatPower> 
			<ai_combatDangerous>true</ai_combatDangerous>
      <turretGunDef>Gun_TurretCharge</turretGunDef>
      <turretBurstCooldownTime>2.2</turretBurstCooldownTime>
    </building>
	<placeWorkers>
      <li>PlaceWorker_TurretTop</li>
	  <li>PlaceWorker_ShowTurretRadius</li>
    </placeWorkers>
    <researchPrerequisites>
      <li>ResDefense</li>
    </researchPrerequisites>
  </ThingDef>

  <ThingDef ParentName="BaseBullet">
    <defName>Bullet_TurretCharge</defName>
    <label>charge shot turret</label>
    <graphicData>
      <texPath>Other/Charge_SmallD</texPath>
      <graphicClass>Graphic_Single</graphicClass>
    </graphicData>
    <projectile>
      <damageDef>Bullet</damageDef>
      <damageAmountBase>16</damageAmountBase>
      <speed>110</speed>
    </projectile>
  </ThingDef>

  <ThingDef ParentName="BaseWeaponTurret">
    <defName>Gun_TurretCharge</defName>
    <label>charge shot turret</label>
	 <description>Jury-rigged gun attached to a turret.</description>
    <graphicData>
      <texPath>Security/TurretCharge_Top</texPath>
      <graphicClass>Graphic_Single</graphicClass>
    </graphicData>
	<statBases>
      <AccuracyTouch>0.81</AccuracyTouch>
      <AccuracyShort>0.81</AccuracyShort>
      <AccuracyMedium>0.91</AccuracyMedium>
      <AccuracyLong>0.81</AccuracyLong>
      <RangedWeapon_Cooldown>0.66</RangedWeapon_Cooldown>
	  <DeteriorationRate>0</DeteriorationRate>
      <Mass>12</Mass>
      <Flammability>0</Flammability>
    </statBases>
    <verbs>
      <li>
        <verbClass>Verb_Shoot</verbClass>
        <defaultProjectile>Bullet_TurretCharge</defaultProjectile>
        <warmupTime>0</warmupTime>
		<range>34.9</range>
		<minRange>4</minRange>
        <burstShotCount>1</burstShotCount>
        <soundCast>SoundGun_MechaRifleD</soundCast>
        <soundCastTail>GunTail_Medium</soundCastTail>
        <muzzleFlashScale>9</muzzleFlashScale>
		<consumeFuelPerShot>1</consumeFuelPerShot>
      </li>
    </verbs>
  </ThingDef>
  
  		       <Gunplay.GunPropDef>
        <defName>Gun_TurretCharge</defName>
        <trail>charge</trail>
    </Gunplay.GunPropDef>
	
	  <!--===============  TURRET MAX===============-->
	
	<ThingDef ParentName="BuildingBase" Name="AutocannonTurretQ" Abstract="True"> 
    <thingClass>Building_TurretGun</thingClass>
    <graphicData>
      <texPath>Security/TurretChargeQ</texPath>
      <graphicClass>Graphic_Single</graphicClass>
      <drawSize>(1.5, 1.5)</drawSize>
      <drawOffset>(0,0,-0.1)</drawOffset>
      <damageData>
        <rect>(0.2,0.2,0.6,0.6)</rect>
      </damageData>
      <shadowData>
        <volume>(1.5,0.35,1.4)</volume>
        <offset>(0,0,-0.05)</offset>
      </shadowData>
    </graphicData>    
    <altitudeLayer>Building</altitudeLayer>
    <stealable>false</stealable>
    <rotatable>false</rotatable>
    <size>(2,2)</size>
    <statBases>
      <MaxHitPoints>210</MaxHitPoints>
      <Flammability>0.5</Flammability>
      <WorkToBuild>15000</WorkToBuild>
      <Mass>60</Mass>
      <Beauty>-5</Beauty>
    </statBases>
    <tickerType>Normal</tickerType>
    <passability>PassThroughOnly</passability>
    <pathCost>50</pathCost>
    <fillPercent>0.5</fillPercent>
    <hasTooltip>true</hasTooltip>
	    <stuffCategories>
      <li>Metallic</li>
    </stuffCategories>
    <terrainAffordanceNeeded>Heavy</terrainAffordanceNeeded>
    <designationCategory>Security</designationCategory>
    <constructionSkillPrerequisite>8</constructionSkillPrerequisite>
    <building>
		 <combatPower>150</combatPower>
      <ai_combatDangerous>true</ai_combatDangerous>
      <turretTopDrawSize>2.7</turretTopDrawSize>
      <turretTopOffset>(0, 0.05)</turretTopOffset>
    </building>
    <placeWorkers>
      <li>PlaceWorker_TurretTop</li>
      <li>PlaceWorker_ShowTurretRadius</li>
    </placeWorkers>
    <designationHotKey>Misc3</designationHotKey>    
    <uiIconScale>1.35</uiIconScale>
  </ThingDef>

  <ThingDef ParentName="AutocannonTurretQ">
    <defName>Turret_ChargeQ</defName>
    <label>Turret "Zeus"</label>
    <description>A heavy automaticre at close-up targets, and may explode when damaged.</description>
    <uiIconPath>Security/TurretChargeQ_UI</uiIconPath>
    <statBases>
      <ShootingAccuracyTurret>0.97</ShootingAccuracyTurret> <!-- like level 8 human shooter -->
    </statBases>
    <costStuffCount>200</costStuffCount>
    <costList>
      <Steel>300</Steel>
      <Mechanites>10</Mechanites>
    </costList>
    <comps>
      <li Class="CompProperties_Explosive">
        <wickTicks>240</wickTicks>
        <explosiveRadius>3.9</explosiveRadius>
        <explosiveDamageType>Bomb</explosiveDamageType>
        <chanceNeverExplodeFromDamage>0.5</chanceNeverExplodeFromDamage>
      </li>
      <li Class="CompProperties_Forbiddable"/>
      <li Class="CompProperties_Power">
        <compClass>CompPowerTrader</compClass>
        <basePowerConsumption>200</basePowerConsumption>
      </li>
      <li Class="CompProperties_Flickable"/>
      <li Class="CompProperties_Breakdownable"/>
      <li Class="CompProperties_Refuelable">
        <fuelLabel>Shots until barrel change</fuelLabel>
        <fuelGizmoLabel>Barrel durability</fuelGizmoLabel>
        <outOfFuelMessage>Cannot shoot: Needs new barrel</outOfFuelMessage>
        <fuelFilter><thingDefs><li>Eftam</li></thingDefs></fuelFilter>
        <fuelCapacity>90</fuelCapacity>       <!-- 30 bursts -->
        <fuelMultiplier>0.5</fuelMultiplier>  <!-- 2 steel per burst, 180 per full rearm -->
        <initialFuelPercent>1</initialFuelPercent>
        <autoRefuelPercent>0.5</autoRefuelPercent>
        <showFuelGizmo>true</showFuelGizmo>
        <minimumFueledThreshold>1</minimumFueledThreshold>
        <factorByDifficulty>true</factorByDifficulty>
        <consumeFuelOnlyWhenUsed>true</consumeFuelOnlyWhenUsed>
        <fuelIconPath>UI/Overlays/Barrel</fuelIconPath>
      </li>
    </comps>
    <building>
      <turretGunDef>Gun_Turret_ChargeQ</turretGunDef>
      <turretBurstCooldownTime>0.8</turretBurstCooldownTime>
    </building>
    <researchPrerequisites>
      <li>ResDefense</li>
    </researchPrerequisites>
		    <minifiedDef>MinifiedThing</minifiedDef>
			 <thingCategories>
      <li>BuildingsSecurity</li>
    </thingCategories>
  </ThingDef>

  <ThingDef ParentName="BaseBullet">
    <defName>Bullet_Turret_ChargeQ</defName>
    <label>charge shot "Zeus"</label>
    <graphicData>
      <texPath>Other/Charge_SmallDQ</texPath>
      <graphicClass>Graphic_Single</graphicClass>
    </graphicData>
    <projectile>
      <damageDef>Bullet</damageDef>
      <damageAmountBase>22</damageAmountBase>
      <speed>120</speed>
	  	  <stoppingPower>2</stoppingPower>
    </projectile>
  </ThingDef>

  <ThingDef ParentName="BaseWeaponTurret">
    <defName>Gun_Turret_ChargeQ</defName>
    <label>Turret "Zeus"</label>
    <description>A "Zeus" turret.</description>
    <graphicData>
      <texPath>Security/TurretChargeQ_Top</texPath>
      <graphicClass>Graphic_Single</graphicClass>
      <drawSize>(2,2)</drawSize>
    </graphicData>
    <statBases>
     <AccuracyTouch>0.65</AccuracyTouch>
      <AccuracyShort>0.74</AccuracyShort>
      <AccuracyMedium>0.82</AccuracyMedium>
      <AccuracyLong>0.73</AccuracyLong>
      <RangedWeapon_Cooldown>0.8</RangedWeapon_Cooldown>
      <DeteriorationRate>0</DeteriorationRate>
      <Mass>40</Mass>
      <Flammability>0</Flammability>
    </statBases>
    <verbs>
      <li>
        <verbClass>Verb_Shoot</verbClass>
        <defaultProjectile>Bullet_Turret_ChargeQ</defaultProjectile>
        <warmupTime>0</warmupTime>
        <minRange>9.9</minRange>
        <range>39.9</range>
        <!--ticksBetweenBurstShots>17</ticksBetweenBurstShots-->
        <burstShotCount>1</burstShotCount>
        <soundCast>SoundGun_MechaTurretMax</soundCast>
        <soundCastTail>GunTail_Heavy</soundCastTail>
        <muzzleFlashScale>12</muzzleFlashScale>
        <consumeFuelPerShot>1</consumeFuelPerShot>
      </li>
    </verbs>
  </ThingDef>
  
   <!--===============  TURRET APSOLUT===============-->
	
	<ThingDef ParentName="BuildingBase" Name="AutocannonTurretAPS" Abstract="True"> 
    <thingClass>Building_TurretGun</thingClass>
    <graphicData>
      <texPath>Security/TurretChargeQ</texPath>
      <graphicClass>Graphic_Single</graphicClass>
	          <color>0.7,0.7,0.7</color>
      <drawSize>(1.5, 1.5)</drawSize>
      <drawOffset>(0,0,-0.1)</drawOffset>
      <damageData>
        <rect>(0.2,0.2,0.6,0.6)</rect>
      </damageData>
      <shadowData>
        <volume>(1.5,0.35,1.4)</volume>
        <offset>(0,0,-0.05)</offset>
      </shadowData>
    </graphicData>    
    <altitudeLayer>Building</altitudeLayer>
    <stealable>false</stealable>
    <rotatable>false</rotatable>
    <size>(2,2)</size>
    <statBases>
      <MaxHitPoints>400</MaxHitPoints>
      <Flammability>0.5</Flammability>
      <WorkToBuild>15000</WorkToBuild>
      <Mass>70</Mass>
      <Beauty>-5</Beauty>
    </statBases>
    <tickerType>Normal</tickerType>
    <passability>PassThroughOnly</passability>
    <pathCost>50</pathCost>
    <fillPercent>0.5</fillPercent>
    <hasTooltip>true</hasTooltip>
    <terrainAffordanceNeeded>Heavy</terrainAffordanceNeeded>
    <building>
		 <combatPower>300</combatPower>
      <ai_combatDangerous>true</ai_combatDangerous>
      <turretTopDrawSize>2.7</turretTopDrawSize>
      <turretTopOffset>(0, 0.05)</turretTopOffset>
    </building>
    <placeWorkers>
      <li>PlaceWorker_TurretTop</li>
      <li>PlaceWorker_ShowTurretRadius</li>
    </placeWorkers> 
    <uiIconScale>1.35</uiIconScale>
  </ThingDef>

  <ThingDef ParentName="AutocannonTurretAPS">
    <defName>Turret_Absolute</defName>
    <label>Turret "Absolute"</label>
    <description>A heavy automatiets, and may explode when damaged.</description>
    <uiIconPath>Security/TurretApsolut_Top_UI</uiIconPath>
	    <minifiedDef>MinifiedThing</minifiedDef>
			 <thingCategories>
      <li>BuildingsSecurity</li>
    </thingCategories>
    <statBases>
      <ShootingAccuracyTurret>0.95</ShootingAccuracyTurret> <!-- like level 8 human shooter -->
	  	<MarketValue>7500</MarketValue>
    </statBases>
    <comps>
      <li Class="CompProperties_Explosive">
        <wickTicks>240</wickTicks>
        <explosiveRadius>5.9</explosiveRadius>
        <explosiveDamageType>BombAbs</explosiveDamageType>
        <chanceNeverExplodeFromDamage>0.5</chanceNeverExplodeFromDamage>
      </li>
      <li Class="CompProperties_Forbiddable"/>
      <li Class="CompProperties_Power">
        <compClass>CompPowerTrader</compClass>
        <basePowerConsumption>400</basePowerConsumption>
      </li>
      <li Class="CompProperties_Flickable"/>
      <li Class="CompProperties_Breakdownable"/>
      <li Class="CompProperties_Refuelable">
        <fuelLabel>Shots until discharge of batteries</fuelLabel>
        <fuelGizmoLabel>Battery caparity</fuelGizmoLabel>
        <outOfFuelMessage>Cannot shoot: Needs energy cell</outOfFuelMessage>
        <fuelFilter><thingDefs><li>Energx</li></thingDefs></fuelFilter>
        <fuelCapacity>40</fuelCapacity>       <!-- 30 bursts -->
        <fuelMultiplier>4</fuelMultiplier>  <!-- 2 steel per burst, 180 per full rearm -->
        <initialFuelPercent>1</initialFuelPercent>
        <autoRefuelPercent>0.5</autoRefuelPercent>
        <showFuelGizmo>true</showFuelGizmo>
        <minimumFueledThreshold>1</minimumFueledThreshold>
        <factorByDifficulty>true</factorByDifficulty>
        <consumeFuelOnlyWhenUsed>true</consumeFuelOnlyWhenUsed>
        <fuelIconPath>Res/energ2</fuelIconPath>
      </li>
    </comps>
    <building>
      <turretGunDef>Gun_Turret_Absolute</turretGunDef>
      <turretBurstCooldownTime>3.8</turretBurstCooldownTime>
    </building>
	    <thingSetMakerTags>
      <li>RewardStandardHighFreq</li>
    </thingSetMakerTags>
		<tradeability>Sellable</tradeability>
  </ThingDef>

  <ThingDef ParentName="BaseBullet">
    <defName>Bullet_Turret_Absolute</defName>
    <label>charge shot "Abs."</label>
    <graphicData>
      <texPath>Other/Charge_Abs</texPath>
      <graphicClass>Graphic_Single</graphicClass>
    </graphicData>
	    <thingClass>Projectile_Explosive</thingClass>
    <projectile>
	      <damageAmountBase>45</damageAmountBase>
		  	  	  <stoppingPower>2</stoppingPower>
      <speed>60</speed>
      <damageDef>BombAbs</damageDef>
      <!-- Use default damage from explosion def -->
      <explosionRadius>3.1</explosionRadius>
      <!--preExplosionSpawnThingDef>Filth_Fuel</preExplosionSpawnThingDef>
      <preExplosionSpawnChance>0.6</preExplosionSpawnChance-->
      <ai_IsIncendiary>true</ai_IsIncendiary>
      <arcHeightFactor>0.2</arcHeightFactor>
      <shadowSize>0.6</shadowSize>
    </projectile>
  </ThingDef>
  
    <DamageDef Name="Bomb">
    <defName>BombAbs</defName>
    <label>bomb</label>
    <workerClass>DamageWorker_AddInjury</workerClass>
    <externalViolence>true</externalViolence>
    <isExplosive>true</isExplosive>
    <deathMessage>{0} has died in an explosion.</deathMessage>
    <hediff>Shredded</hediff>
    <hediffSolid>Crack</hediffSolid>
    <harmAllLayersUntilOutside>true</harmAllLayersUntilOutside>
    <impactSoundType>Blunt</impactSoundType>
    <armorCategory>Sharp</armorCategory>
    <minDamageToFragment>15</minDamageToFragment>
    <defaultDamage>50</defaultDamage>
    <defaultStoppingPower>2</defaultStoppingPower>
    <defaultArmorPenetration>0.50</defaultArmorPenetration>
    <buildingDamageFactor>2</buildingDamageFactor>
    <plantDamageFactor>2</plantDamageFactor>
    <explosionAffectOutsidePartsOnly>false</explosionAffectOutsidePartsOnly>
    <explosionHeatEnergyPerCell>5</explosionHeatEnergyPerCell>
    <explosionCellMote>Mote_BlastDry</explosionCellMote>
    <explosionColorCenter>(1, 0.5, 0.9, 0.7)</explosionColorCenter>
    <explosionColorEdge>(1, 0.6, 0.9, 0.7)</explosionColorEdge>
    <soundExplosion>Explosion_EMP</soundExplosion>
    <combatLogRules>Damage_Bomb</combatLogRules>
		    <explosionInteriorMote>Mote_ElectricalAbs</explosionInteriorMote>
			    <harmsHealth>false</harmsHealth>
<damageEffecter>Impact_Abs</damageEffecter>
  </DamageDef>
  
    <EffecterDef>
    <defName>Impact_Abs</defName>
    <children>
      <li>
        <subEffecterClass>SubEffecter_SprayerTriggered</subEffecterClass>
        <moteDef>Mote_AbsDamage</moteDef>
        <positionRadius>0.3</positionRadius>
        <burstCount>5</burstCount>
        <scale>0.3~0.8</scale>
        <!--color>(1,0.5,0.8,0.9)</color-->
        <rotationRate>-60~60</rotationRate>
        <speed>0.4~12.8</speed>
		        <!--angle>135~225</angle-->
        <spawnLocType>OnSource</spawnLocType>
      </li>
      <li>
        <subEffecterClass>SubEffecter_SoundTriggered</subEffecterClass>
        <soundDef>SoundGun_MechaAbs</soundDef>
        <spawnLocType>OnSource</spawnLocType>
      </li>
    </children>
  </EffecterDef>
  
  <ThingDef ParentName="MoteBase">
    <defName>Mote_AbsDamage</defName>
    <graphicData>
      <texPath>Other/Charge_AbsS</texPath>
    </graphicData>
    <altitudeLayer>MoteOverhead</altitudeLayer>
    <mote>
      <fadeInTime>0.06</fadeInTime>
      <solidTime>0.06</solidTime>
      <fadeOutTime>0.6</fadeOutTime>
    </mote>
  </ThingDef>
  
    <ThingDef ParentName="MoteBase">
    <defName>Mote_ElectricalAbs</defName>
    <graphicData>
      <texPath>Other/ResportLightAbsol</texPath>
      <shaderType>MoteGlow</shaderType>
    </graphicData>
    <altitudeLayer>MoteOverhead</altitudeLayer>
    <mote>
      <fadeInTime>0.04</fadeInTime>
      <solidTime>0.08</solidTime>
      <fadeOutTime>0.13</fadeOutTime>
    </mote>
  </ThingDef>

  <ThingDef ParentName="BaseWeaponTurret">
    <defName>Gun_Turret_Absolute</defName>
    <label>Turret "Absolute"</label>
    <description>A "Absolute" turret.</description>
    <graphicData>
      <texPath>Security/TurretApsolut_Top</texPath>
      <graphicClass>Graphic_Single</graphicClass>
      <drawSize>(2,2)</drawSize>
    </graphicData>
    <statBases>
     <AccuracyTouch>0.57</AccuracyTouch>
      <AccuracyShort>0.66</AccuracyShort>
      <AccuracyMedium>0.76</AccuracyMedium>
      <AccuracyLong>0.61</AccuracyLong>
      <RangedWeapon_Cooldown>3.8</RangedWeapon_Cooldown>
      <DeteriorationRate>0</DeteriorationRate>
      <Mass>50</Mass>
      <Flammability>0</Flammability>
    </statBases>
    <verbs>
      <li>
	      <forcedMissRadius>3.9</forcedMissRadius>
        <verbClass>Verb_Shoot</verbClass>
        <defaultProjectile>Bullet_Turret_Absolute</defaultProjectile>
        <warmupTime>0</warmupTime>
        <minRange>9.9</minRange>
        <range>39.9</range>
        <!--ticksBetweenBurstShots>17</ticksBetweenBurstShots-->
        <burstShotCount>1</burstShotCount>
        <soundCast>SoundGun_MechaTurretAbs</soundCast>
        <soundCastTail>GunTail_Heavy</soundCastTail>
        <muzzleFlashScale>12</muzzleFlashScale>
        <consumeFuelPerShot>1</consumeFuelPerShot>
      </li>
    </verbs>
  </ThingDef>
  
</Defs>