﻿<?xml version="1.0" encoding="utf-8" ?>
<Defs>
  



  
  
  <ThingDef ParentName="BedWithQualityBase">
    <defName>EliteBed</defName>
    <label>Elite bed</label>
    <description>A hi-tech comfortable bed for esteemed colonists. High values of beauty, rest effectiveness and comfort. Mechanites act as a massager.</description>
    <thingClass>Building_Bed</thingClass>
    <graphicData>
      <texPath>Beds/BedFullF</texPath>
      <graphicClass>Graphic_Single</graphicClass>
      <shaderType>CutoutComplex</shaderType>
      <drawSize>(1,3)</drawSize>
      <damageData>
        <rect>(0,0.05,1,1.95)</rect>
      </damageData>
    </graphicData>
    <altitudeLayer>Building</altitudeLayer>
    <statBases>
      <MaxHitPoints>200</MaxHitPoints>
      <Flammability>0.5</Flammability>
      <WorkToBuild>4800</WorkToBuild>
      <Mass>55</Mass>
      <Beauty>50</Beauty>
      <BedRestEffectiveness>1.4</BedRestEffectiveness>
      <Comfort>1</Comfort>
      <ImmunityGainSpeedFactor>1.05</ImmunityGainSpeedFactor>
    </statBases>
    <size>(1,3)</size>
   <costStuffCount>70</costStuffCount>
	  <costList>
      <Vilanit>15</Vilanit>
      <Mechanites>1</Mechanites>
    </costList>
    <stuffCategories>
      <li>Metallic</li>
    </stuffCategories>
    <building>
      <bed_showSleeperBody>False</bed_showSleeperBody>
      <bed_healPerDay>15</bed_healPerDay>
    </building>
    <comps>
      <li Class="CompProperties_AffectedByFacilities">
        <linkableFacilities>
          <li>VitalsMonitor</li>
          <li>EndTable</li>
          <li>Dresser</li>
		  <li>EliteDresserMeh</li>
        </linkableFacilities>
      </li>
    </comps>
    <fillPercent>0.4</fillPercent>
    <pathCost>60</pathCost>
    <staticSunShadowHeight>0.17</staticSunShadowHeight>
    <castEdgeShadows>True</castEdgeShadows>
    <designationHotKey>Misc2</designationHotKey>
    <passability>PassThroughOnly</passability>
    <drawGUIOverlay>True</drawGUIOverlay>
    <canOverlapZones>false</canOverlapZones>
		<placeWorkers>
			<li>PlaceWorker_ShowFacilitiesConnections</li>
		</placeWorkers>
	<researchPrerequisites>
      <li>ResEliteBeds</li>
    </researchPrerequisites>
	<constructionSkillPrerequisite>10</constructionSkillPrerequisite>
  </ThingDef>
  
  <ThingDef ParentName="BedWithQualityBase">
    <defName>EliteDoubleBed</defName>
    <label>Elite double bed</label>
    <description>A hi-tech comfortable bed for esteemed colonists. High values of beauty, rest effectiveness and comfort. Mechanites act as a massager.</description>
    <thingClass>Building_Bed</thingClass>
    <graphicData>
      <texPath>Beds/BedFull</texPath>
      <graphicClass>Graphic_Single</graphicClass>
      <shaderType>CutoutComplex</shaderType>
      <drawSize>(2,3)</drawSize>
      <damageData>
        <rect>(0,0.05,2,1.95)</rect>
      </damageData>
    </graphicData>
    <altitudeLayer>Building</altitudeLayer>
    <statBases>
      <MaxHitPoints>400</MaxHitPoints>
      <Flammability>0.5</Flammability>
      <WorkToBuild>9500</WorkToBuild>
      <Mass>110</Mass>
      <Beauty>100</Beauty>
      <BedRestEffectiveness>1.4</BedRestEffectiveness>
      <Comfort>1</Comfort>
      <ImmunityGainSpeedFactor>1.05</ImmunityGainSpeedFactor>
    </statBases>
    <size>(2,3)</size>
	<costStuffCount>140</costStuffCount>
	  <costList>
      <Vilanit>30</Vilanit>
      <Mechanites>2</Mechanites>
    </costList>
    <stuffCategories>
      <li>Metallic</li>
    </stuffCategories>
    
    <building>
      <bed_showSleeperBody>False</bed_showSleeperBody>
      <bed_healPerDay>15</bed_healPerDay>
    </building>
    <comps>
       <li Class="CompProperties_AffectedByFacilities">
        <linkableFacilities>
          <li>VitalsMonitor</li>
          <li>EndTable</li>
          <li>Dresser</li>
		  <li>EliteDresserMeh</li>
        </linkableFacilities>
      </li>
    </comps>
    <terrainAffordanceNeeded>Light</terrainAffordanceNeeded>
    <fillPercent>0.4</fillPercent>
    <pathCost>60</pathCost>
    <leaveResourcesWhenKilled>True</leaveResourcesWhenKilled>
    <staticSunShadowHeight>0.17</staticSunShadowHeight>
    <castEdgeShadows>True</castEdgeShadows>
    <passability>PassThroughOnly</passability>
    <drawGUIOverlay>True</drawGUIOverlay>
    <canOverlapZones>false</canOverlapZones>
		<placeWorkers>
			<li>PlaceWorker_ShowFacilitiesConnections</li>
		</placeWorkers>
	<researchPrerequisites>
      <li>ResEliteBeds</li>
    </researchPrerequisites>
	<constructionSkillPrerequisite>15</constructionSkillPrerequisite>
  </ThingDef>
  
  <ThingDef ParentName="BedWithQualityBase">
    <defName>FirstClassBed</defName>
    <label>Super bed</label>
    <description>An extramely rich bed, half-made of gold. Only the best of the best of your colonists are worthy to sleep in this bed. Huge values of beauty, rest effectiveness and comfort. Mechanites act as a massager.</description>
    <thingClass>Building_Bed</thingClass>
    <graphicData>
      <texPath>Beds/BedFullP</texPath>
      <graphicClass>Graphic_Single</graphicClass>
      <shaderType>CutoutComplex</shaderType>
      <drawSize>(2,3)</drawSize>
      <damageData>
        <rect>(0,0.05,2,1.95)</rect>
      </damageData>
    </graphicData>
    <altitudeLayer>Building</altitudeLayer>
    <statBases>
      <MaxHitPoints>400</MaxHitPoints>
      <Flammability>0.5</Flammability>
      <WorkToBuild>16000</WorkToBuild>
      <Mass>120</Mass>
      <Beauty>225</Beauty>
      <BedRestEffectiveness>1.8</BedRestEffectiveness>
      <Comfort>1.2</Comfort>
      <ImmunityGainSpeedFactor>1.05</ImmunityGainSpeedFactor>
    </statBases>
    <size>(2,3)</size>
	<costStuffCount>140</costStuffCount>
	  <costList>
      <Vilanit>40</Vilanit>
	  <Gold>140</Gold>
      <Mechanites>3</Mechanites>
    </costList>
    <stuffCategories>
      <li>Metallic</li>
    </stuffCategories>
    
    <building>
      <bed_showSleeperBody>False</bed_showSleeperBody>
      <bed_healPerDay>25</bed_healPerDay>
    </building>
    <comps>
       <li Class="CompProperties_AffectedByFacilities">
        <linkableFacilities>
          <li>VitalsMonitor</li>
          <li>EndTable</li>
          <li>Dresser</li>
		  <li>EliteDresserMeh</li>
        </linkableFacilities>
      </li>
    </comps>
    <terrainAffordanceNeeded>Light</terrainAffordanceNeeded>
    <fillPercent>0.4</fillPercent>
    <pathCost>60</pathCost>
    <leaveResourcesWhenKilled>True</leaveResourcesWhenKilled>
    <staticSunShadowHeight>0.17</staticSunShadowHeight>
    <castEdgeShadows>True</castEdgeShadows>
    <passability>PassThroughOnly</passability>
    <drawGUIOverlay>True</drawGUIOverlay>
    <canOverlapZones>false</canOverlapZones>
		<placeWorkers>
			<li>PlaceWorker_ShowFacilitiesConnections</li>
		</placeWorkers>
	<researchPrerequisites>
      <li>ResEliteBeds</li>
    </researchPrerequisites>	
	<constructionSkillPrerequisite>10</constructionSkillPrerequisite>
  </ThingDef>

  

</Defs>