﻿<?xml version="1.0" encoding="utf-8" ?>
<Defs>

	<ResearchProjectDef>
		<defName>MechaGen4kRes</defName>
		<label>Mecha generator(4k)</label>
		<description>Powerful generator (Green color. Energy output: 4000). Infinitely produces energy, does not need refueling. The mecha generator uses the energy cells, the installation for its construction.</description>
		<baseCost>6000</baseCost>
		<techLevel>Industrial</techLevel>
		<prerequisites>
			<li>ResMechanites</li>
		</prerequisites>
		<requiredResearchBuilding>HiTechResearchBench</requiredResearchBuilding>
		<requiredResearchFacilities>
			<li>MultiAnalyzer</li>
		</requiredResearchFacilities>
		<researchViewX>16</researchViewX>
		<researchViewY>7.5</researchViewY>
	</ResearchProjectDef>

	<ResearchProjectDef>
		<defName>MechaGen6kRes</defName>
		<label>Mecha generator(6k)</label>
		<description>Powerful generator (Blue color. Energy output: 6000).</description>
		<baseCost>9000</baseCost>
		<techLevel>Industrial</techLevel>
		<prerequisites>
			<li>MechaGen4kRes</li>
		</prerequisites>
		<requiredResearchBuilding>HiTechResearchBench</requiredResearchBuilding>
		<requiredResearchFacilities>
			<li>MultiAnalyzer</li>
		</requiredResearchFacilities>
		<researchViewX>17</researchViewX>
		<researchViewY>7.5</researchViewY>
	</ResearchProjectDef>
	
		<ResearchProjectDef>
		<defName>MechaGen8kRes</defName>
		<label>Mecha generator(8k)</label>
		<description>Powerful generator (Violet color. Energy output: 8000).</description>
		<baseCost>12000</baseCost>
		<techLevel>Industrial</techLevel>
		<prerequisites>
			<li>MechaGen6kRes</li>
		</prerequisites>
		<requiredResearchBuilding>HiTechResearchBench</requiredResearchBuilding>
		<requiredResearchFacilities>
			<li>MultiAnalyzer</li>
		</requiredResearchFacilities>
		<researchViewX>18</researchViewX>
		<researchViewY>7.5</researchViewY>
			 <techprintCount>1</techprintCount>
    <techprintCommonality>0.9</techprintCommonality>
    <techprintMarketValue>1000</techprintMarketValue>
	<heldByFactionCategoryTags><li>Outlander</li></heldByFactionCategoryTags>
	</ResearchProjectDef>
	
		<ResearchProjectDef>
		<defName>MechaGen10kRes</defName>
		<label>Mecha generator(10k)</label>
		<description>Powerful generator (Red color. Energy output: 10000).</description>
		<baseCost>15000</baseCost>
		<techLevel>Industrial</techLevel>
		<prerequisites>
			<li>MechaGen8kRes</li>
		</prerequisites>
		<requiredResearchBuilding>HiTechResearchBench</requiredResearchBuilding>
		<requiredResearchFacilities>
			<li>MultiAnalyzer</li>
		</requiredResearchFacilities>
		<researchViewX>19</researchViewX>
		<researchViewY>7.5</researchViewY>
			 <techprintCount>1</techprintCount>
    <techprintCommonality>0.9</techprintCommonality>
    <techprintMarketValue>1500</techprintMarketValue>
	<heldByFactionCategoryTags><li>Outlander</li></heldByFactionCategoryTags>
	</ResearchProjectDef>
	

	



</Defs>
