<?xml version="1.0" encoding="utf-8" ?>
<Patch>


	<Operation Class="PatchOperationAdd">
		<xpath>/Defs/TraderKindDef[defName = "Orbital_Exotic"]/stockGenerators</xpath>
		<value>
			<li Class="StockGenerator_Tag">
				<tradeTag>MechaProstheses</tradeTag>
				<thingDefCountRange>
					<min>-5</min>
					<max>4</max>
				</thingDefCountRange>
				<countRange>
					<min>1</min>
					<max>2</max>
				</countRange>
			</li>
		</value>
	</Operation>


	<Operation Class="PatchOperationAdd">
		<xpath>/Defs/TraderKindDef[defName = "Orbital_PirateMerchant"]/stockGenerators</xpath>
		<value>
			<li Class="StockGenerator_Tag">
				<tradeTag>MechaProstheses</tradeTag>
				<thingDefCountRange>
					<min>-5</min>
					<max>4</max>
				</thingDefCountRange>
				<countRange>
					<min>1</min>
					<max>2</max>
				</countRange>
			</li>
		</value>
	</Operation>

</Patch>
