<?xml version="1.0" encoding="UTF-8"?>
<Defs>

<ThingDef ParentName="MoteBase">
    <defName>Mote_RestopElectric</defName>
    <graphicData>
      <texPath>Other/ResportLight</texPath>
    </graphicData>
    <altitudeLayer>MoteOverhead</altitudeLayer>
    <mote>
      <fadeInTime>0.05</fadeInTime>
      <solidTime>0.1</solidTime>
      <fadeOutTime>0.7</fadeOutTime>
    </mote>
  </ThingDef>
  
  <ThingDef ParentName="MoteBase">
    <defName>Mote_RestopElectricF</defName>
    <graphicData>
      <texPath>Other/ResportLightF</texPath>
    </graphicData>
    <altitudeLayer>MoteOverhead</altitudeLayer>
    <mote>
      <fadeInTime>0.05</fadeInTime>
      <solidTime>0.08</solidTime>
      <fadeOutTime>0.7</fadeOutTime>
    </mote>
  </ThingDef>
  
  <ThingDef ParentName="MoteBase">
    <defName>Mote_RestopElectricP</defName>
    <graphicData>
      <texPath>Other/ResportLightP</texPath>
    </graphicData>
    <altitudeLayer>MoteOverhead</altitudeLayer>
    <mote>
      <fadeInTime>0.05</fadeInTime>
      <solidTime>0.07</solidTime>
      <fadeOutTime>0.7</fadeOutTime>
    </mote>
  </ThingDef>

  <EffecterDef>
    <defName>ResroptLaser</defName>
    <children>
      <li>
        <subEffecterClass>SubEffecter_SprayerChance</subEffecterClass>
        <chancePerTick>0.01</chancePerTick>
        <scale>1~1.8</scale>
        <rotationRate>-1~1</rotationRate>
        <moteDef>Mote_RestopElectric</moteDef>
		        <!--angle>135~225</angle-->
        <positionRadius>0.3</positionRadius>
		        <!--airTime>0.28~0.36</airTime-->
		        <!--color>(0.5,0.9,1,0.9)</color-->
      </li>
	        <li>
        <subEffecterClass>SubEffecter_SprayerChance</subEffecterClass>
        <chancePerTick>0.01</chancePerTick>
        <scale>1~1.8</scale>
        <rotationRate>-1~1</rotationRate>
        <moteDef>Mote_RestopElectricF</moteDef>
		        <!--angle>135~225</angle-->
        <positionRadius>0.3</positionRadius>
		        <!--airTime>0.28~0.36</airTime-->
      </li>
	  	        <li>
        <subEffecterClass>SubEffecter_SprayerChance</subEffecterClass>
        <chancePerTick>0.01</chancePerTick>
        <scale>1~1.8</scale>
        <rotationRate>-1~1</rotationRate>
        <moteDef>Mote_RestopElectricP</moteDef>
		        <!--angle>135~225</angle-->
        <positionRadius>0.3</positionRadius>
		        <!--airTime>0.28~0.36</airTime-->
      </li>
	  
    </children>
  </EffecterDef>


<RecipeDef>
    <defName>MakeResportSteel</defName>
    <label>Produce steel x260</label>
    <description>Make ef steel and stonetwetwetblo.&lt;color=#49FFE6&gt;500/1.9 = 260&lt;/color&gt;</description>
    <jobString>Making steel</jobString>
    <workSpeedStat>GeneralLaborSpeed</workSpeedStat>
    <effectWorking>ResroptLaser</effectWorking>
    <soundWorking>Recipe_Machining</soundWorking>
    <allowMixingIngredients>true</allowMixingIngredients>
    <workAmount>1000</workAmount>
		<recipeUsers>
			<li>ResPort</li>
		</recipeUsers>
    <targetCountAdjustment>5</targetCountAdjustment>
    <ingredients>
      <li>
        <filter>
          <thingDefs>
            <li>ResPack</li>
          </thingDefs>
        </filter>
        <count>1</count>
      </li>
    </ingredients>
    <fixedIngredientFilter>
      <thingDefs>
        <li>ResPack</li>
      </thingDefs>
    </fixedIngredientFilter>
    <products>
      <Steel>260</Steel>
    </products>
    <workSkill>Crafting</workSkill>
  </RecipeDef>
  
  <RecipeDef>
    <defName>MakeResportPlasteel</defName>
    <label>Produce plasteel x55</label>
    <description>Make ef plasteel and stonetwetwetblo.&lt;color=#49FFE6&gt;500/9 = 55&lt;/color&gt;</description>
    <jobString>Making Plasteel</jobString>
    <workSpeedStat>GeneralLaborSpeed</workSpeedStat>
    <effectWorking>ResroptLaser</effectWorking>
    <soundWorking>Recipe_Machining</soundWorking>
    <allowMixingIngredients>true</allowMixingIngredients>
    <workAmount>1000</workAmount>
		<recipeUsers>
			<li>ResPort</li>
		</recipeUsers>
    <targetCountAdjustment>5</targetCountAdjustment>
    <ingredients>
      <li>
        <filter>
          <thingDefs>
            <li>ResPack</li>
          </thingDefs>
        </filter>
        <count>1</count>
      </li>
    </ingredients>
    <fixedIngredientFilter>
      <thingDefs>
        <li>ResPack</li>
      </thingDefs>
    </fixedIngredientFilter>
    <products>
      <Plasteel>55</Plasteel>
    </products>
    <workSkill>Crafting</workSkill>
  </RecipeDef>
  
    <RecipeDef>
    <defName>MakeResportUranium</defName>
    <label>Produce uranium x80</label>
    <description>Make ef Uranium and stonetwetwetblo.&lt;color=#49FFE6&gt;500/6 = 80&lt;/color&gt;</description>
    <jobString>Making Uranium</jobString>
    <workSpeedStat>GeneralLaborSpeed</workSpeedStat>
    <effectWorking>ResroptLaser</effectWorking>
    <soundWorking>Recipe_Machining</soundWorking>
    <allowMixingIngredients>true</allowMixingIngredients>
    <workAmount>1000</workAmount>
		<recipeUsers>
			<li>ResPort</li>
		</recipeUsers>
    <targetCountAdjustment>5</targetCountAdjustment>
    <ingredients>
      <li>
        <filter>
          <thingDefs>
            <li>ResPack</li>
          </thingDefs>
        </filter>
        <count>1</count>
      </li>
    </ingredients>
    <fixedIngredientFilter>
      <thingDefs>
        <li>ResPack</li>
      </thingDefs>
    </fixedIngredientFilter>
    <products>
      <Uranium>80</Uranium>
    </products>
    <workSkill>Crafting</workSkill>
  </RecipeDef>
  
      <RecipeDef>
    <defName>MakeResportJade</defName>
    <label>Produce jade x100</label>
    <description>Make ef Jade and stonetwetwetblo.&lt;color=#49FFE6&gt;500/5 = 100&lt;/color&gt;</description>
    <jobString>Making Jade</jobString>
    <workSpeedStat>GeneralLaborSpeed</workSpeedStat>
    <effectWorking>ResroptLaser</effectWorking>
    <soundWorking>Recipe_Machining</soundWorking>
    <allowMixingIngredients>true</allowMixingIngredients>
    <workAmount>1000</workAmount>
		<recipeUsers>
			<li>ResPort</li>
		</recipeUsers>
    <targetCountAdjustment>5</targetCountAdjustment>
    <ingredients>
      <li>
        <filter>
          <thingDefs>
            <li>ResPack</li>
          </thingDefs>
        </filter>
        <count>1</count>
      </li>
    </ingredients>
    <fixedIngredientFilter>
      <thingDefs>
        <li>ResPack</li>
      </thingDefs>
    </fixedIngredientFilter>
    <products>
      <Jade>100</Jade>
    </products>
    <workSkill>Crafting</workSkill>
  </RecipeDef>
  
    <RecipeDef>
    <defName>MakeResportGold</defName>
    <label>Produce Gold x50</label>
    <description>Make ef Gold and stonetwetwetblo.&lt;color=#49FFE6&gt;500/10 = 50&lt;/color&gt;</description>
    <jobString>Making Gold</jobString>
    <workSpeedStat>GeneralLaborSpeed</workSpeedStat>
    <effectWorking>ResroptLaser</effectWorking>
    <soundWorking>Recipe_Machining</soundWorking>
    <allowMixingIngredients>true</allowMixingIngredients>
    <workAmount>1000</workAmount>
		<recipeUsers>
			<li>ResPort</li>
		</recipeUsers>
    <targetCountAdjustment>5</targetCountAdjustment>
    <ingredients>
      <li>
        <filter>
          <thingDefs>
            <li>ResPack</li>
          </thingDefs>
        </filter>
        <count>1</count>
      </li>
    </ingredients>
    <fixedIngredientFilter>
      <thingDefs>
        <li>ResPack</li>
      </thingDefs>
    </fixedIngredientFilter>
    <products>
      <Gold>50</Gold>
    </products>
    <workSkill>Crafting</workSkill>
  </RecipeDef>
  
          <RecipeDef>
    <defName>MakeResportSilver</defName>
    <label>Produce Silver x500</label>
    <description>Make ef Silver and stonetwetwetblo.&lt;color=#49FFE6&gt;500/1 = 500&lt;/color&gt;</description>
    <jobString>Making Silver</jobString>
    <workSpeedStat>GeneralLaborSpeed</workSpeedStat>
    <effectWorking>ResroptLaser</effectWorking>
    <soundWorking>Recipe_Machining</soundWorking>
    <allowMixingIngredients>true</allowMixingIngredients>
    <workAmount>1000</workAmount>
		<recipeUsers>
			<li>ResPort</li>
		</recipeUsers>
    <targetCountAdjustment>5</targetCountAdjustment>
    <ingredients>
      <li>
        <filter>
          <thingDefs>
            <li>ResPack</li>
          </thingDefs>
        </filter>
        <count>1</count>
      </li>
    </ingredients>
    <fixedIngredientFilter>
      <thingDefs>
        <li>ResPack</li>
      </thingDefs>
    </fixedIngredientFilter>
    <products>
      <Silver>500</Silver>
    </products>
    <workSkill>Crafting</workSkill>
  </RecipeDef>
  
            <RecipeDef>
    <defName>MakeResportWoodLog</defName>
    <label>Produce WoodLog x420</label>
    <description>Make ef WoodLog and stonetwetwetblo.&lt;color=#49FFE6&gt;500/1.2 = 420&lt;/color&gt;</description>
    <jobString>Making WoodLog</jobString>
    <workSpeedStat>GeneralLaborSpeed</workSpeedStat>
    <effectWorking>ResroptLaser</effectWorking>
    <soundWorking>Recipe_Machining</soundWorking>
    <allowMixingIngredients>true</allowMixingIngredients>
    <workAmount>1000</workAmount>
		<recipeUsers>
			<li>ResPort</li>
		</recipeUsers>
    <targetCountAdjustment>5</targetCountAdjustment>
    <ingredients>
      <li>
        <filter>
          <thingDefs>
            <li>ResPack</li>
          </thingDefs>
        </filter>
        <count>1</count>
      </li>
    </ingredients>
    <fixedIngredientFilter>
      <thingDefs>
        <li>ResPack</li>
      </thingDefs>
    </fixedIngredientFilter>
    <products>
      <WoodLog>420</WoodLog>
    </products>
    <workSkill>Crafting</workSkill>
  </RecipeDef>
  
    <RecipeDef>
    <defName>MakeResportBlocksSandstone</defName>
    <label>Produce sandstone blocks x500</label>
    <description>Make ef sandstone blocks and stonetwetwetblo.&lt;color=#49FFE6&gt;500/1 = 500&lt;/color&gt;</description>
    <jobString>Making sandstone blocks</jobString>
    <workSpeedStat>GeneralLaborSpeed</workSpeedStat>
    <effectWorking>ResroptLaser</effectWorking>
    <soundWorking>Recipe_Machining</soundWorking>
    <allowMixingIngredients>true</allowMixingIngredients>
    <workAmount>1000</workAmount>
		<recipeUsers>
			<li>ResPort</li>
		</recipeUsers>
    <targetCountAdjustment>5</targetCountAdjustment>
    <ingredients>
      <li>
        <filter>
          <thingDefs>
            <li>ResPack</li>
          </thingDefs>
        </filter>
        <count>1</count>
      </li>
    </ingredients>
    <fixedIngredientFilter>
      <thingDefs>
        <li>ResPack</li>
      </thingDefs>
    </fixedIngredientFilter>
    <products>
      <BlocksSandstone>500</BlocksSandstone>
    </products>
    <workSkill>Crafting</workSkill>
  </RecipeDef>
  
      <RecipeDef>
    <defName>MakeResportBlocksGranite</defName>
    <label>Produce Granite blocks x500</label>
    <description>Make ef Granite blocks and stonetwetwetblo.&lt;color=#49FFE6&gt;500/1 = 500&lt;/color&gt;</description>
    <jobString>Making Granite blocks</jobString>
    <workSpeedStat>GeneralLaborSpeed</workSpeedStat>
    <effectWorking>ResroptLaser</effectWorking>
    <soundWorking>Recipe_Machining</soundWorking>
    <allowMixingIngredients>true</allowMixingIngredients>
    <workAmount>1000</workAmount>
		<recipeUsers>
			<li>ResPort</li>
		</recipeUsers>
    <targetCountAdjustment>5</targetCountAdjustment>
    <ingredients>
      <li>
        <filter>
          <thingDefs>
            <li>ResPack</li>
          </thingDefs>
        </filter>
        <count>1</count>
      </li>
    </ingredients>
    <fixedIngredientFilter>
      <thingDefs>
        <li>ResPack</li>
      </thingDefs>
    </fixedIngredientFilter>
    <products>
      <BlocksGranite>500</BlocksGranite>
    </products>
    <workSkill>Crafting</workSkill>
  </RecipeDef>
  
        <RecipeDef>
    <defName>MakeResportBlocksLimestone</defName>
    <label>Produce Limestone blocks x500</label>
    <description>Make ef Limestone blocks and stonetwetwetblo.&lt;color=#49FFE6&gt;500/1 = 500&lt;/color&gt;</description>
    <jobString>Making Limestone blocks</jobString>
    <workSpeedStat>GeneralLaborSpeed</workSpeedStat>
    <effectWorking>ResroptLaser</effectWorking>
    <soundWorking>Recipe_Machining</soundWorking>
    <allowMixingIngredients>true</allowMixingIngredients>
    <workAmount>1000</workAmount>
		<recipeUsers>
			<li>ResPort</li>
		</recipeUsers>
    <targetCountAdjustment>5</targetCountAdjustment>
    <ingredients>
      <li>
        <filter>
          <thingDefs>
            <li>ResPack</li>
          </thingDefs>
        </filter>
        <count>1</count>
      </li>
    </ingredients>
    <fixedIngredientFilter>
      <thingDefs>
        <li>ResPack</li>
      </thingDefs>
    </fixedIngredientFilter>
    <products>
      <BlocksLimestone>500</BlocksLimestone>
    </products>
    <workSkill>Crafting</workSkill>
  </RecipeDef>
  
          <RecipeDef>
    <defName>MakeResportBlocksSlate</defName>
    <label>Produce Slate blocks x500</label>
    <description>Make ef Slate blocks and stonetwetwetblo.&lt;color=#49FFE6&gt;500/1 = 500&lt;/color&gt;</description>
    <jobString>Making Slate blocks</jobString>
    <workSpeedStat>GeneralLaborSpeed</workSpeedStat>
    <effectWorking>ResroptLaser</effectWorking>
    <soundWorking>Recipe_Machining</soundWorking>
    <allowMixingIngredients>true</allowMixingIngredients>
    <workAmount>1000</workAmount>
		<recipeUsers>
			<li>ResPort</li>
		</recipeUsers>
    <targetCountAdjustment>5</targetCountAdjustment>
    <ingredients>
      <li>
        <filter>
          <thingDefs>
            <li>ResPack</li>
          </thingDefs>
        </filter>
        <count>1</count>
      </li>
    </ingredients>
    <fixedIngredientFilter>
      <thingDefs>
        <li>ResPack</li>
      </thingDefs>
    </fixedIngredientFilter>
    <products>
      <BlocksSlate>500</BlocksSlate>
    </products>
    <workSkill>Crafting</workSkill>
  </RecipeDef>
  
         <RecipeDef>
    <defName>MakeResportBlocksMarble</defName>
    <label>Produce Marble blocks x500</label>
    <description>Make ef Marble blocks and stonetwetwetblo.&lt;color=#49FFE6&gt;500/1 = 500&lt;/color&gt;</description>
    <jobString>Making Marble blocks</jobString>
    <workSpeedStat>GeneralLaborSpeed</workSpeedStat>
    <effectWorking>ResroptLaser</effectWorking>
    <soundWorking>Recipe_Machining</soundWorking>
    <allowMixingIngredients>true</allowMixingIngredients>
    <workAmount>1000</workAmount>
		<recipeUsers>
			<li>ResPort</li>
		</recipeUsers>
    <targetCountAdjustment>5</targetCountAdjustment>
    <ingredients>
      <li>
        <filter>
          <thingDefs>
            <li>ResPack</li>
          </thingDefs>
        </filter>
        <count>1</count>
      </li>
    </ingredients>
    <fixedIngredientFilter>
      <thingDefs>
        <li>ResPack</li>
      </thingDefs>
    </fixedIngredientFilter>
    <products>
      <BlocksMarble>500</BlocksMarble>
    </products>
    <workSkill>Crafting</workSkill>
  </RecipeDef>
  
        	<!--============================ RES-PORT Mecha ===============================-->
  
   <RecipeDef>
    <defName>MakeResportTisnit</defName>
    <label>Produce Tisnit x140</label>
    <description>Make ef Tisnit and stonetwetwetblo.&lt;color=#49FFE6&gt;500/3.5 = 140&lt;/color&gt;</description>
    <jobString>Making Tisnit</jobString>
    <workSpeedStat>GeneralLaborSpeed</workSpeedStat>
    <effectWorking>ResroptLaser</effectWorking>
    <soundWorking>Recipe_Machining</soundWorking>
    <allowMixingIngredients>true</allowMixingIngredients>
    <workAmount>1000</workAmount>
		<recipeUsers>
			<li>ResPort</li>
		</recipeUsers>
    <targetCountAdjustment>5</targetCountAdjustment>
    <ingredients>
      <li>
        <filter>
          <thingDefs>
            <li>ResPack</li>
          </thingDefs>
        </filter>
        <count>1</count>
      </li>
    </ingredients>
    <fixedIngredientFilter>
      <thingDefs>
        <li>ResPack</li>
      </thingDefs>
    </fixedIngredientFilter>
    <products>
      <Tisnit>140</Tisnit>
    </products>
    <workSkill>Crafting</workSkill>
  </RecipeDef>
  
     <RecipeDef>
    <defName>MakeResportSimerium</defName>
    <label>Produce Simerium x125</label>
    <description>Make ef Simerium and stonetwetwetblo.&lt;color=#49FFE6&gt;500/4 = 125&lt;/color&gt;</description>
    <jobString>Making Simerium</jobString>
    <workSpeedStat>GeneralLaborSpeed</workSpeedStat>
    <effectWorking>ResroptLaser</effectWorking>
    <soundWorking>Recipe_Machining</soundWorking>
    <allowMixingIngredients>true</allowMixingIngredients>
    <workAmount>1000</workAmount>
		<recipeUsers>
			<li>ResPort</li>
		</recipeUsers>
    <targetCountAdjustment>5</targetCountAdjustment>
    <ingredients>
      <li>
        <filter>
          <thingDefs>
            <li>ResPack</li>
          </thingDefs>
        </filter>
        <count>1</count>
      </li>
    </ingredients>
    <fixedIngredientFilter>
      <thingDefs>
        <li>ResPack</li>
      </thingDefs>
    </fixedIngredientFilter>
    <products>
      <Simerium>125</Simerium>
    </products>
    <workSkill>Crafting</workSkill>
  </RecipeDef>
  
     <RecipeDef>
    <defName>MakeResportPhasarium</defName>
    <label>Produce Phasarium x140</label>
    <description>Make ef Phasarium and stonetwetwetblo.&lt;color=#49FFE6&gt;500/3.5 = 140&lt;/color&gt;</description>
    <jobString>Making Phasarium</jobString>
    <workSpeedStat>GeneralLaborSpeed</workSpeedStat>
    <effectWorking>ResroptLaser</effectWorking>
    <soundWorking>Recipe_Machining</soundWorking>
    <allowMixingIngredients>true</allowMixingIngredients>
    <workAmount>1000</workAmount>
		<recipeUsers>
			<li>ResPort</li>
		</recipeUsers>
    <targetCountAdjustment>5</targetCountAdjustment>
    <ingredients>
      <li>
        <filter>
          <thingDefs>
            <li>ResPack</li>
          </thingDefs>
        </filter>
        <count>1</count>
      </li>
    </ingredients>
    <fixedIngredientFilter>
      <thingDefs>
        <li>ResPack</li>
      </thingDefs>
    </fixedIngredientFilter>
    <products>
      <Phasarium>140</Phasarium>
    </products>
    <workSkill>Crafting</workSkill>
  </RecipeDef>
  


</Defs>