<?xml version="1.0" encoding="utf-8" ?>
<Patch>


  <Operation Class="PatchOperationSequence"> 
	  <success>Always</success> 
	  <operations>
<li Class="PatchOperationAdd">
		<xpath>*/RoyalTitleDef[defName = "Acolyte"]/bedroomRequirements/li[@Class = "RoomRequirement_ThingAnyOf"]/things</xpath>
		<value>
		  <li>FirstClassBed</li>  
		</value>
	</li>
		<li Class="PatchOperationAdd">
		<xpath>*/RoyalTitleDef[defName = "Knight"]/bedroomRequirements/li[@Class = "RoomRequirement_ThingAnyOf"]/things</xpath>
		<value>
		  <li>FirstClassBed</li>  
		</value>
	</li>
		<li Class="PatchOperationAdd">
		<xpath>*/RoyalTitleDef[defName = "Praetor"]/bedroomRequirements/li[@Class = "RoomRequirement_ThingAnyOf"]/things</xpath>
		<value>
		  <li>FirstClassBed</li>  
		</value>
	</li>
		<li Class="PatchOperationAdd">
		<xpath>*/RoyalTitleDef[defName = "Baron"]/bedroomRequirements/li[@Class = "RoomRequirement_ThingAnyOf"]/things</xpath>
		<value>
		  <li>FirstClassBed</li>  
		</value>
	</li>
			<li Class="PatchOperationAdd">
		<xpath>*/RoyalTitleDef[defName = "Count"]/bedroomRequirements/li[@Class = "RoomRequirement_ThingAnyOf"]/things</xpath>
		<value>
		  <li>FirstClassBed</li>  
		</value>
	</li>
		<li Class="PatchOperationAdd">
		<xpath>*/RoyalTitleDef[@Name="BaseEmpireTitleNPC"]/bedroomRequirements/li[@Class = "RoomRequirement_ThingAnyOf"]/things</xpath>
		<value>
		  <li>FirstClassBed</li>  
		</value>
	</li>
	  </operations>
  </Operation>
  
  
  
 
  
  
  
</Patch>