<?xml version="1.0" encoding="utf-8" ?>
<Patch>


	<Operation Class="PatchOperationFindMod">
		
    <mods><li>Royalty</li></mods>

    <match Class="PatchOperationSequence"> 
	  <success>Always</success> 
	  <operations>
   
    <li Class="PatchOperationAdd">
		<xpath>*/ResearchProjectDef[defName = "MechaGen8kRes"]/heldByFactionCategoryTags</xpath>
		<value>
        <li>Empire</li>
		</value>
	</li>
    <li Class="PatchOperationAdd">
		<xpath>*/ResearchProjectDef[defName = "MechaGen10kRes"]/heldByFactionCategoryTags</xpath>
		<value>
        <li>Empire</li>
		</value>
	</li>
	    <li Class="PatchOperationAdd">
		<xpath>*/ResearchProjectDef[defName = "ResAICore"]/heldByFactionCategoryTags</xpath>
		<value>
        <li>Empire</li>
		</value>
	</li>
	    <li Class="PatchOperationAdd">
		<xpath>*/ResearchProjectDef[defName = "ResXMechaProstheses"]/heldByFactionCategoryTags</xpath>
		<value>
        <li>Empire</li>
		</value>
	</li>
	    <li Class="PatchOperationAdd">
		<xpath>*/ResearchProjectDef[defName = "ResTerminal"]/heldByFactionCategoryTags</xpath>
		<value>
        <li>Empire</li>
		</value>
	</li>
	  </operations>
     </match>
  
  	</Operation>
	
		<Operation Class="PatchOperationFindMod">
		
    <mods><li>Mechalit Faction v2</li></mods>

    <match Class="PatchOperationSequence"> 
	  <success>Always</success> 
	  <operations>
   
    <li Class="PatchOperationAdd">
		<xpath>*/ResearchProjectDef[defName = "MechaGen8kRes"]/heldByFactionCategoryTags</xpath>
		<value>
        <li>Warrior</li>
		</value>
	</li>
    <li Class="PatchOperationAdd">
		<xpath>*/ResearchProjectDef[defName = "MechaGen10kRes"]/heldByFactionCategoryTags</xpath>
		<value>
        <li>Warrior</li>
		</value>
	</li>
	    <li Class="PatchOperationAdd">
		<xpath>*/ResearchProjectDef[defName = "ResAICore"]/heldByFactionCategoryTags</xpath>
		<value>
        <li>Warrior</li>
		</value>
	</li>
	    <li Class="PatchOperationAdd">
		<xpath>*/ResearchProjectDef[defName = "ResXMechaProstheses"]/heldByFactionCategoryTags</xpath>
		<value>
        <li>Warrior</li>
		</value>
	</li>
	    <li Class="PatchOperationAdd">
		<xpath>*/ResearchProjectDef[defName = "ResTerminal"]/heldByFactionCategoryTags</xpath>
		<value>
        <li>Warrior</li>
		</value>
	</li>
	  </operations>
     </match>
  
  	</Operation>
  
</Patch>