<?xml version="1.0" encoding="utf-8"?>
<Defs>


	<RecipeDef Name="SurgeryMechaProt" ParentName="SurgeryFlesh" Abstract="True">
		<surgerySuccessChanceFactor>1.05</surgerySuccessChanceFactor>
		<deathOnFailedSurgeryChance>0.01</deathOnFailedSurgeryChance>
		<recipeUsers>
			<li>Human</li>
		</recipeUsers>
		<workAmount>4500</workAmount>
	</RecipeDef>

	

	<RecipeDef ParentName="SurgeryMechaProt">
		<defName>InstallMechaArm</defName>
		<label>install mecha arm</label>
		<description>Install mechanite arm.</description>
		<workerClass>Recipe_InstallArtificialBodyPart</workerClass>
		<jobString>Installing mechanite arm.</jobString>
	<skillRequirements>
      <Medicine>3</Medicine>
    </skillRequirements>
		<ingredients>
			<li>
				<filter>
					<categories>
						<li>Medicine</li>
					</categories>
				</filter>
				<count>3</count>
			</li>
			<li>
				<filter>
					<thingDefs>
						<li>MechaArm</li>
					</thingDefs>
				</filter>
				<count>1</count>
			</li>
		</ingredients>
		<fixedIngredientFilter>
			<categories>
				<li>Medicine</li>
			</categories>
			<thingDefs>
				<li>MechaArm</li>
			</thingDefs>
		</fixedIngredientFilter>
		<appliedOnFixedBodyParts>
			<li>Shoulder</li>
		</appliedOnFixedBodyParts>
		<addsHediff>MechaArmHed</addsHediff>
	</RecipeDef>

	<RecipeDef ParentName="SurgeryMechaProt">
		<defName>InstallMehaLeg</defName>
		<label>Install mecha leg</label>
		<description>Installing mechanite leg.</description>
		<workerClass>Recipe_InstallArtificialBodyPart</workerClass>
		<jobString>Installing mechanite leg.</jobString>
		<skillRequirements>
      <Medicine>3</Medicine>
    </skillRequirements>
		<ingredients>
			<li>
				<filter>
					<categories>
						<li>Medicine</li>
					</categories>
				</filter>
				<count>3</count>
			</li>
			<li>
				<filter>
					<thingDefs>
						<li>MechaLeg</li>
					</thingDefs>
				</filter>
				<count>1</count>
			</li>
		</ingredients>
		<fixedIngredientFilter>
			<categories>
				<li>Medicine</li>
			</categories>
			<thingDefs>
				<li>MechaLeg</li>
			</thingDefs>
		</fixedIngredientFilter>
		<appliedOnFixedBodyParts>
			<li>Leg</li> 
		</appliedOnFixedBodyParts>
		<addsHediff>MechaLegHed</addsHediff>
	</RecipeDef>


	<RecipeDef ParentName="SurgeryMechaProt">
		<defName>InstallMechaSpine</defName>
		<label>install mecha spine</label>
		<description>Install mechanite spine.</description>
		<workerClass>Recipe_InstallArtificialBodyPart</workerClass>
		<jobString>Installing mechanite spine.</jobString>
		<skillRequirements>
      <Medicine>4</Medicine>
    </skillRequirements>
		<ingredients>
			<li>
				<filter>
					<categories>
						<li>Medicine</li>
					</categories>
				</filter>
				<count>5</count>
			</li>
			<li>
				<filter>
					<thingDefs>
						<li>MechaSpine</li>
					</thingDefs>
				</filter>
				<count>1</count>
			</li>
		</ingredients>
		<fixedIngredientFilter>
			<categories>
				<li>Medicine</li>
			</categories>
			<thingDefs>
				<li>MechaSpine</li>
			</thingDefs>
		</fixedIngredientFilter>
		<appliedOnFixedBodyParts>
			<li>Spine</li>
		</appliedOnFixedBodyParts>
		<addsHediff>MechaSpineHed</addsHediff>
	</RecipeDef>


	<RecipeDef ParentName="SurgeryMechaProt">
		<defName>InstallMechaBrain</defName>
		<label>Install mecha brain implant</label>
		<description>Install mechanite brain implant.</description>
		<workerClass>Recipe_InstallImplant</workerClass>
		<jobString>Installing mechanite brain implant.</jobString>
		<skillRequirements>
      <Medicine>4</Medicine>
    </skillRequirements>
		<ingredients>
			<li>
				<filter>
					<categories>
						<li>Medicine</li>
					</categories>
				</filter>
				<count>5</count>
			</li>
			<li>
				<filter>
					<thingDefs>
						<li>MechaBrain</li>
					</thingDefs>
				</filter>
				<count>1</count>
			</li>
		</ingredients>
		<fixedIngredientFilter>
			<categories>
				<li>Medicine</li>
			</categories>
			<thingDefs>
				<li>MechaBrain</li>
			</thingDefs>
		</fixedIngredientFilter>
		<appliedOnFixedBodyParts>
			<li>Brain</li>
		</appliedOnFixedBodyParts>
		<addsHediff>MechaBrainHed</addsHediff>
		</RecipeDef>
		
		    <!--============================================ X-MECHA ================================================ -->
		
		<RecipeDef ParentName="SurgeryMechaProt">
		<defName>InstallMechaArmHedXC</defName>
		<label>Install x-mecha arm "Creator"</label>
		<description>Install x-mecha arm "Creator".</description>
		<workerClass>Recipe_InstallArtificialBodyPart</workerClass>
		<jobString>Installing x-mecha implant.</jobString>
		<skillRequirements>
      <Medicine>6</Medicine>
    </skillRequirements>
		<ingredients>
			<li>
				<filter>
					<categories>
						<li>Medicine</li>
					</categories>
				</filter>
				<count>5</count>
			</li>
			<li>
				<filter>
					<thingDefs>
						<li>MechaArmXC</li>
					</thingDefs>
				</filter>
				<count>1</count>
			</li>
		</ingredients>
		<fixedIngredientFilter>
			<categories>
				<li>Medicine</li>
			</categories>
			<thingDefs>
				<li>MechaArmXC</li>
			</thingDefs>
		</fixedIngredientFilter>
		<appliedOnFixedBodyParts>
			<li>Shoulder</li>
		</appliedOnFixedBodyParts>
		<addsHediff>MechaArmHedXC</addsHediff>
		</RecipeDef>
		
		<RecipeDef ParentName="SurgeryMechaProt">
		<defName>InstallMechaArmHedXR</defName>
		<label>Install x-mecha arm "Ronin"</label>
		<description>Install x-mecha arm "Ronin".</description>
		<workerClass>Recipe_InstallArtificialBodyPart</workerClass>
		<jobString>Installing x-mecha implant.</jobString>
		<skillRequirements>
      <Medicine>6</Medicine>
    </skillRequirements>
		<ingredients>
			<li>
				<filter>
					<categories>
						<li>Medicine</li>
					</categories>
				</filter>
				<count>5</count>
			</li>
			<li>
				<filter>
					<thingDefs>
						<li>MechaArmXR</li>
					</thingDefs>
				</filter>
				<count>1</count>
			</li>
		</ingredients>
		<fixedIngredientFilter>
			<categories>
				<li>Medicine</li>
			</categories>
			<thingDefs>
				<li>MechaArmXR</li>
			</thingDefs>
		</fixedIngredientFilter>
		<appliedOnFixedBodyParts>
			<li>Shoulder</li>
		</appliedOnFixedBodyParts>
		<addsHediff>MechaArmHedXR</addsHediff>
				</RecipeDef>
		
		<RecipeDef ParentName="SurgeryMechaProt">
		<defName>InstallMechaArmHedXS</defName>
		<label>Install x-mecha arm "Savior"</label>
		<description>Install x-mecha arm "Savior".</description>
		<workerClass>Recipe_InstallArtificialBodyPart</workerClass>
		<jobString>Installing x-mecha implant.</jobString>
		<skillRequirements>
      <Medicine>6</Medicine>
    </skillRequirements>
		<ingredients>
			<li>
				<filter>
					<categories>
						<li>Medicine</li>
					</categories>
				</filter>
				<count>5</count>
			</li>
			<li>
				<filter>
					<thingDefs>
						<li>MechaArmXS</li>
					</thingDefs>
				</filter>
				<count>1</count>
			</li>
		</ingredients>
		<fixedIngredientFilter>
			<categories>
				<li>Medicine</li>
			</categories>
			<thingDefs>
				<li>MechaArmXS</li>
			</thingDefs>
		</fixedIngredientFilter>
		<appliedOnFixedBodyParts>
			<li>Shoulder</li>
		</appliedOnFixedBodyParts>
		<addsHediff>MechaArmHedXS</addsHediff>
				</RecipeDef>
		
		<RecipeDef ParentName="SurgeryMechaProt">
		<defName>InstallMechaSternumXHed</defName>
		<label>Install x-mecha sternum</label>
		<description>Install x-mecha sternum.</description>
		<workerClass>Recipe_InstallArtificialBodyPart</workerClass>
		<jobString>Installing x-mecha implant.</jobString>
		<skillRequirements>
      <Medicine>6</Medicine>
    </skillRequirements>
		<ingredients>
			<li>
				<filter>
					<categories>
						<li>Medicine</li>
					</categories>
				</filter>
				<count>5</count>
			</li>
			<li>
				<filter>
					<thingDefs>
						<li>MechaSternumX</li>
					</thingDefs>
				</filter>
				<count>1</count>
			</li>
		</ingredients>
		<fixedIngredientFilter>
			<categories>
				<li>Medicine</li>
			</categories>
			<thingDefs>
				<li>MechaSternumX</li>
			</thingDefs>
		</fixedIngredientFilter>
		<appliedOnFixedBodyParts>
			<li>Sternum</li>
		</appliedOnFixedBodyParts>
		<addsHediff>MechaSternumXHed</addsHediff>
				</RecipeDef>
		
		<RecipeDef ParentName="SurgeryMechaProt">
		<defName>InstallMechaNeckXHed</defName>
		<label>Install x-mecha Neck</label>
		<description>Install x-mecha Neck.</description>
		<workerClass>Recipe_InstallImplant</workerClass>
		<jobString>Installing x-mecha implant.</jobString>
		<skillRequirements>
      <Medicine>6</Medicine>
    </skillRequirements>
		<ingredients>
			<li>
				<filter>
					<categories>
						<li>Medicine</li>
					</categories>
				</filter>
				<count>5</count>
			</li>
			<li>
				<filter>
					<thingDefs>
						<li>MechaNeckX</li>
					</thingDefs>
				</filter>
				<count>1</count>
			</li>
		</ingredients>
		<fixedIngredientFilter>
			<categories>
				<li>Medicine</li>
			</categories>
			<thingDefs>
				<li>MechaNeckX</li>
			</thingDefs>
		</fixedIngredientFilter>
		<appliedOnFixedBodyParts>
			<li>Neck</li>
		</appliedOnFixedBodyParts>
		<addsHediff>MechaNeckXHed</addsHediff>
				</RecipeDef>
		
		<RecipeDef ParentName="SurgeryMechaProt">
		<defName>InstallMechaSupressXHed</defName>
		<label>Install x-mecha SOEM</label>
		<description>Install x-mecha SOEM.</description>
		<workerClass>Recipe_InstallImplant</workerClass>
		<jobString>Installing x-mecha SOEM.</jobString>
		<skillRequirements>
      <Medicine>6</Medicine>
    </skillRequirements>
		<ingredients>
			<li>
				<filter>
					<categories>
						<li>Medicine</li>
					</categories>
				</filter>
				<count>5</count>
			</li>
			<li>
				<filter>
					<thingDefs>
						<li>MechaSupressX</li>
					</thingDefs>
				</filter>
				<count>1</count>
			</li>
		</ingredients>
		<fixedIngredientFilter>
			<categories>
				<li>Medicine</li>
			</categories>
			<thingDefs>
				<li>MechaSupressX</li>
			</thingDefs>
		</fixedIngredientFilter>
		<appliedOnFixedBodyParts>
			<li>Brain</li>
		</appliedOnFixedBodyParts>
		<addsHediff>MechaSupressXHed</addsHediff>
				</RecipeDef>
	
	
</Defs>
