﻿<?xml version="1.0" encoding="UTF-8"?>
<Defs>


	<ThingDef Name="MechaProte" ParentName="BodyPartBase" Abstract="True">
		<thingCategories>
			<li>MechaProstheses</li>
		</thingCategories>
		<tradeTags>
			<li>MechaProstheses</li>
		</tradeTags>
		<statBases>
			<DeteriorationRate>2.0</DeteriorationRate>
		</statBases>
				<graphicData>
<drawSize>0.85</drawSize>
		</graphicData>
	</ThingDef>



 <!--============================================ MECHA ================================================ -->

	<ThingDef ParentName="MechaProte">
		<defName>MechaArm</defName>
		<label>mecha arm</label>
		<description>A powerful artificial limb. Highly increases work speed.</description>
		<techLevel>Spacer</techLevel>
		<graphicData>
			<texPath>MehaProt/MechaImplantD</texPath>
			<graphicClass>Graphic_Single</graphicClass>
		</graphicData>
		<statBases>
			<MarketValue>1400</MarketValue>
			<Mass>0.6</Mass>
		</statBases>
		<techHediffsTags>
			<li>Advanced</li>
		</techHediffsTags>
	</ThingDef>

	<ThingDef ParentName="MechaProte">
		<defName>MechaLeg</defName>
		<label>mecha leg</label>
		<description>A strong and light mechanite leg. Highly increases move speed.</description>
		<techLevel>Spacer</techLevel>
		<graphicData>
			<texPath>MehaProt/MechaImplantD</texPath>
			<graphicClass>Graphic_Single</graphicClass>
		</graphicData>
		<statBases>
			<MarketValue>1350</MarketValue>
			      <Mass>0.6</Mass>
		</statBases>
		<techHediffsTags>
			<li>Advanced</li>
		</techHediffsTags>
	</ThingDef>

	<ThingDef ParentName="MechaProte">
		<defName>MechaSpine</defName>
		<label>mecha spine</label>
		<description>A unique mechanism, that replaces spine and connects to the internals, optimizing their work. Increases work and movement speed, as well as some other parameters.</description>
		<techLevel>Spacer</techLevel>
		<graphicData>
			<texPath>MehaProt/MechaImplantD</texPath>
			<graphicClass>Graphic_Single</graphicClass>
		</graphicData>
		<statBases>
			<MarketValue>2000</MarketValue>
			<Mass>1.5</Mass>
		</statBases>
		<techHediffsTags>
			<li>Advanced</li>
		</techHediffsTags>
	</ThingDef>

	<ThingDef ParentName="MechaProte">
		<defName>MechaBrain</defName>
		<label>Mecha brain implant</label>
		<description>Almost completely replaces brain. Increases many head-related parameters and boosts mood thanks to built-in psychic soothe pulser.</description>
		<techLevel>Spacer</techLevel>
		<graphicData>
			<texPath>MehaProt/MechaImplantD</texPath>
			<graphicClass>Graphic_Single</graphicClass>
		</graphicData>
		<statBases>
			<MarketValue>2200</MarketValue>
			<Mass>1.1</Mass>
		</statBases>
		<techHediffsTags>
			<li>Advanced</li>
		</techHediffsTags>
	</ThingDef>
	
		<ThingDef ParentName="UnfinishedBase">
		<defName>UnfinishedMechaPart</defName>
		<label>Unfinished Mecha part</label>
		<graphicData>
			<texPath>MehaProt/ImplantU</texPath>
			<graphicClass>Graphic_Single</graphicClass>
			<shaderType>CutoutComplex</shaderType>
		</graphicData>
        <stuffCategories Inherit="false" />
	</ThingDef>
	
	 <!--============================================ XXX MECHA ================================================ -->
	 
	 	<ThingDef ParentName="MechaProte">
		<defName>MechaArmXC</defName>
		<label>X-mecha arm "Creator"</label>
		<description>A powerful artificial limb. Highly increases work speed. X-mecha is equipped with movable tools for rough work.</description>
		<techLevel>Spacer</techLevel>
		<graphicData>
			<texPath>MehaProt/MechaImplantDX</texPath>
			<graphicClass>Graphic_Single</graphicClass>
		</graphicData>
		<statBases>
			<MarketValue>2500</MarketValue>
			<Mass>0.6</Mass>
		</statBases>
		<techHediffsTags>
			<li>Advanced</li>
		</techHediffsTags>
	</ThingDef>
	
	<ThingDef ParentName="MechaProte">
		<defName>MechaArmXR</defName>
		<label>X-mecha arm "Ronin"</label>
		<description>A powerful artificial limb. Highly increases work speed. X-mecha is equipped with knives and scissors.</description>
		<techLevel>Spacer</techLevel>
		<graphicData>
			<texPath>MehaProt/MechaImplantDX</texPath>
			<graphicClass>Graphic_Single</graphicClass>
		</graphicData>
		<statBases>
			<MarketValue>2500</MarketValue>
			<Mass>0.6</Mass>
		</statBases>
		<techHediffsTags>
			<li>Advanced</li>
		</techHediffsTags>
	</ThingDef>
	
		<ThingDef ParentName="MechaProte">
		<defName>MechaArmXS</defName>
		<label>X-mecha arm "Savior"</label>
		<description>A powerful artificial limb. Highly increases work speed. X-mecha is equipped with knives, medical devices and a set of scientist.</description>
		<techLevel>Spacer</techLevel>
		<graphicData>
			<texPath>MehaProt/MechaImplantDX</texPath>
			<graphicClass>Graphic_Single</graphicClass>
		</graphicData>
		<statBases>
			<MarketValue>2500</MarketValue>
			<Mass>0.6</Mass>
		</statBases>
		<techHediffsTags>
			<li>Advanced</li>
		</techHediffsTags>
	</ThingDef>
	
		 <!--============================================ XXX MECHA ================================================ -->
	
		<ThingDef ParentName="MechaProte">
		<defName>MechaSternumX</defName>
		<label>X-mecha Sternum</label>
		<description>High-tech design, substitute ribs. Raises security body the improves survivability the owner, through decrease bleeding, increase speed regeneration, decrease the senses hunger the increase speed regeneration. Little reduces speed movement the owner.</description>
		<techLevel>Spacer</techLevel>
		<graphicData>
			<texPath>MehaProt/MechaImplantDXP</texPath>
			<graphicClass>Graphic_Single</graphicClass>
		</graphicData>
		<statBases>
			<MarketValue>2000</MarketValue>
			<Mass>0.6</Mass>
		</statBases>
		<techHediffsTags>
			<li>Advanced</li>
		</techHediffsTags>
	</ThingDef>
	
		<ThingDef ParentName="MechaProte">
		<defName>MechaNeckX</defName>
		<label>X-mecha Neck</label>
		<description>A set of two attractive-looking tubes that connect to the wearer's carotid arteries. Stimulates the wearer's blood circulation, additionally supplying the blood with essential vitamins. Increases the sleep rate, entertainment of the wearer, reduces fatigue and enhances the beauty of the wearer..</description>
		<techLevel>Spacer</techLevel>
		<graphicData>
			<texPath>MehaProt/MechaImplantDXP</texPath>
			<graphicClass>Graphic_Single</graphicClass>
		</graphicData>
		<statBases>
			<MarketValue>1800</MarketValue>
			<Mass>0.6</Mass>
		</statBases>
		<techHediffsTags>
			<li>Advanced</li>
		</techHediffsTags>
	</ThingDef>
	
		<ThingDef ParentName="MechaProte">
		<defName>MechaSupressX</defName>
		<label>X-mecha SOEM</label>
		<description>The pinnacle of prosthetics of the "Mechalit" faction. With the help of strong processing of the generators of psi-impulse of animals, it turns the owner into an absolutely emotional "Creature". The colonist completely loses his mood, any of its manifestations, both bad (nervous breakdowns) and good (inspiration), and he no longer needs any entertainment and amenities. Fortunately, the owner does not lose social skills, but the implant also has a flaw - it disrupts the temperature balance of the owner's body, from which he can throw both heat and shiver at the same time. It is recommended that the wearer prepare clothes with good insulation from both cold and heat in advance, otherwise he cannot be saved. In addition, the implant increases the sensitivity to pain. Therefore, in battle, the owner of the implant will be less effective..</description>
		<techLevel>Spacer</techLevel>
		<graphicData>
			<texPath>MehaProt/MechaImplantDXP</texPath>
			<graphicClass>Graphic_Single</graphicClass>
		</graphicData>
		<statBases>
			<MarketValue>3600</MarketValue>
			<Mass>0.6</Mass>
		</statBases>
		<techHediffsTags>
			<li>Advanced</li>
		</techHediffsTags>
	</ThingDef>
	
</Defs>