﻿<?xml version="1.0" encoding="utf-8" ?>
<Defs>

  <!--=============== Pure stuffs: Basics ====================-->


  
  <ThingDef ParentName="ResourceBase">
    <defName>Tisnit</defName>
    <label>Tisnite</label>
    <description>A very durable unflammable metal. Great choice for building walls and defences.</description>
    <graphicData>
      <texPath>Res/Tisnittex</texPath>
      <graphicClass>Graphic_Single</graphicClass>
    </graphicData>
    <soundInteract>Metal_Drop</soundInteract>
    <soundDrop>Metal_Drop</soundDrop>
    <useHitPoints>false</useHitPoints>
    <statBases>
      <MarketValue>3.5</MarketValue>
      <Mass>0.8</Mass>
      <SharpDamageMultiplier>1.1</SharpDamageMultiplier>
      <BluntDamageMultiplier>1.2</BluntDamageMultiplier>
	  <StuffPower_Armor_Sharp>1.38</StuffPower_Armor_Sharp>
      <StuffPower_Armor_Blunt>0.76</StuffPower_Armor_Blunt>
      <StuffPower_Armor_Heat>1.28</StuffPower_Armor_Heat>
      <StuffPower_Insulation_Cold>3</StuffPower_Insulation_Cold>
      <StuffPower_Insulation_Heat>0</StuffPower_Insulation_Heat>
    </statBases>
    <thingCategories>
      <li>ResourcesRaw</li>
    </thingCategories>
    <deepCommonality>1.3</deepCommonality>
    <deepCountPerPortion>18</deepCountPerPortion>
	    <deepLumpSizeRange>4~9</deepLumpSizeRange>
		 <burnableByRecipe>false</burnableByRecipe>
		       <smeltable>true</smeltable>
    <stuffProps>
      <categories>
        <li>Metallic</li>
      </categories>
      <commonality>0.20</commonality>
      <constructEffect>ConstructMetal</constructEffect>
      <color>(197,180,164)</color>
      <soundMeleeHitSharp>MeleeHit_Metal_Sharp</soundMeleeHitSharp>
      <soundMeleeHitBlunt>MeleeHit_Metal_Blunt</soundMeleeHitBlunt>
      <statFactors>
        <MaxHitPoints>3.2</MaxHitPoints>
        <Beauty>0.6</Beauty>
        <Flammability>0</Flammability>
        <WorkToMake>3.4</WorkToMake>
				<WorkToBuild>6.4</WorkToBuild>
        <MeleeWeapon_CooldownMultiplier>1.2</MeleeWeapon_CooldownMultiplier>
		
		<BedRestEffectiveness>0.8</BedRestEffectiveness>
	    <WorkTableWorkSpeedFactor>0.7</WorkTableWorkSpeedFactor>
		<ResearchSpeedFactor>0.7</ResearchSpeedFactor>
	    <ImmunityGainSpeedFactor>0.85</ImmunityGainSpeedFactor>
		 <MedicalTendQualityOffset>0.85</MedicalTendQualityOffset>
		<TrapMeleeDamage>1.1</TrapMeleeDamage>
		<DoorOpenSpeed>0.7</DoorOpenSpeed>
      </statFactors>
    </stuffProps>
	<terrainAffordanceNeeded>Medium</terrainAffordanceNeeded>
  </ThingDef>
  
  <ThingDef ParentName="ResourceBase">
    <defName>Simerium</defName>
    <label>Simerium</label>
    <description>A light and ductile semiprecious metal. Is valued for its unusual color and unique properties - simerium workbenches proved to be very effective.</description>
    <graphicData>
      <texPath>Res/Simeriumtex</texPath>
      <graphicClass>Graphic_Single</graphicClass>
    </graphicData>
    <soundInteract>Metal_Drop</soundInteract>
    <soundDrop>Metal_Drop</soundDrop>
    <useHitPoints>false</useHitPoints>
    <statBases>
      <MarketValue>4</MarketValue>
      <Mass>0.3</Mass>
	  <StuffPower_Armor_Sharp>0.95</StuffPower_Armor_Sharp>
      <StuffPower_Armor_Blunt>0.52</StuffPower_Armor_Blunt>
      <StuffPower_Armor_Heat>0.72</StuffPower_Armor_Heat>
      <StuffPower_Insulation_Cold>3</StuffPower_Insulation_Cold>
      <StuffPower_Insulation_Heat>0</StuffPower_Insulation_Heat>
      <SharpDamageMultiplier>1.2</SharpDamageMultiplier>
      <BluntDamageMultiplier>1.1</BluntDamageMultiplier>
    </statBases>
    <thingCategories>
      <li>ResourcesRaw</li>
    </thingCategories>
    <deepCommonality>1.2</deepCommonality>
    <deepCountPerPortion>21</deepCountPerPortion>
	    <deepLumpSizeRange>5~10</deepLumpSizeRange>
		 <burnableByRecipe>false</burnableByRecipe>
		       <smeltable>true</smeltable>
    <stuffProps>
      <categories>
        <li>Metallic</li>
      </categories>
      <commonality>0.15</commonality>
      <constructEffect>ConstructMetal</constructEffect>
      <color>(131,148,144)</color>
      <soundMeleeHitSharp>MeleeHit_Metal_Sharp</soundMeleeHitSharp>
      <soundMeleeHitBlunt>MeleeHit_Metal_Blunt</soundMeleeHitBlunt>
	  <statOffsets>
        <Beauty>2</Beauty>
      </statOffsets>
      <statFactors>
        <MaxHitPoints>1.4</MaxHitPoints>
        <Beauty>1.3</Beauty>
        <Flammability>0.3</Flammability>
        <WorkToMake>2.4</WorkToMake>
				<WorkToBuild>3.2</WorkToBuild>
        <MeleeWeapon_CooldownMultiplier>0.8</MeleeWeapon_CooldownMultiplier>
		
		<BedRestEffectiveness>0.9</BedRestEffectiveness>
	    <WorkTableWorkSpeedFactor>1.2</WorkTableWorkSpeedFactor>
		<ResearchSpeedFactor>1.2</ResearchSpeedFactor>
		<TrapMeleeDamage>0.4</TrapMeleeDamage>
		<DoorOpenSpeed>1.25</DoorOpenSpeed>
	  
      </statFactors>

    </stuffProps>
	<terrainAffordanceNeeded>Medium</terrainAffordanceNeeded>
  </ThingDef>
  
  <ThingDef ParentName="ResourceBase">
    <defName>Phasarium</defName>
    <label>Phasarium</label>
    <description>A precious metal with healing properties. Perfect for building furniture (especially beds), sculptures and entertainment. Because of its high flammabiity, phasarium is almost the worst material for building walls and defences.</description>
    <graphicData>
      <texPath>Res/Padinontex</texPath>
      <graphicClass>Graphic_Single</graphicClass>
    </graphicData>
    <soundInteract>Metal_Drop</soundInteract>
    <soundDrop>Metal_Drop</soundDrop>
    <useHitPoints>false</useHitPoints>
    <statBases>
      <MarketValue>3.5</MarketValue>
      <Mass>0.3</Mass>
	  <StuffPower_Armor_Sharp>0.8</StuffPower_Armor_Sharp>
      <StuffPower_Armor_Blunt>0.41</StuffPower_Armor_Blunt>
      <StuffPower_Armor_Heat>0.66</StuffPower_Armor_Heat>
      <StuffPower_Insulation_Cold>3</StuffPower_Insulation_Cold>
      <StuffPower_Insulation_Heat>0</StuffPower_Insulation_Heat>
      <SharpDamageMultiplier>1</SharpDamageMultiplier>
      <BluntDamageMultiplier>1</BluntDamageMultiplier>
    </statBases>
    <thingCategories>
      <li>ResourcesRaw</li>
    </thingCategories>
    <deepCommonality>1</deepCommonality>
    <deepCountPerPortion>22</deepCountPerPortion>
	    <deepLumpSizeRange>5~10</deepLumpSizeRange>
		 <burnableByRecipe>false</burnableByRecipe>
		       <smeltable>true</smeltable>
    <stuffProps>
      <categories>
        <li>Metallic</li>
      </categories>
      <commonality>0.05</commonality>
      <constructEffect>ConstructMetal</constructEffect>
      <color>(151,137,146)</color>
      <soundMeleeHitSharp>MeleeHit_Metal_Sharp</soundMeleeHitSharp>
      <soundMeleeHitBlunt>MeleeHit_Metal_Blunt</soundMeleeHitBlunt>
	   <statOffsets>
        <Beauty>5</Beauty>
      </statOffsets>
      <statFactors>
        <MaxHitPoints>0.8</MaxHitPoints>
        <Beauty>1.6</Beauty>
        <Flammability>0.5</Flammability>
        <WorkToMake>2.8</WorkToMake>
				<WorkToBuild>2.2</WorkToBuild>
        <MeleeWeapon_CooldownMultiplier>1.4</MeleeWeapon_CooldownMultiplier>
		
		<BedRestEffectiveness>1.2</BedRestEffectiveness>
	    <WorkTableWorkSpeedFactor>0.7</WorkTableWorkSpeedFactor>
		<ResearchSpeedFactor>0.7</ResearchSpeedFactor>
	    <ImmunityGainSpeedFactor>1.10</ImmunityGainSpeedFactor>
		 <MedicalTendQualityOffset>1.10</MedicalTendQualityOffset>
		<TrapMeleeDamage>0.3</TrapMeleeDamage>
		<JoyGainFactor>1.15</JoyGainFactor>
      </statFactors>
    </stuffProps>
	<terrainAffordanceNeeded>Medium</terrainAffordanceNeeded>
  </ThingDef>



  <ThingDef ParentName="ResourceBase">
    <defName>Eftam</defName>
    <label>Eftam</label>
    <description>An alloy of steel and silicon. Low quality and bad properties, but very cheap and easy to produce. It can be used instead of more expensive metals, when high durability or beauty are not required - some types of futniture, flower pots, shelves, sometimes walls.</description>
    <graphicData>
      <texPath>Res/Eftamtex</texPath>
      <graphicClass>Graphic_Single</graphicClass>
    </graphicData>
    <soundInteract>Metal_Drop</soundInteract>
    <soundDrop>Metal_Drop</soundDrop>
    <useHitPoints>false</useHitPoints>
    <statBases>
      <MarketValue>1</MarketValue>
      <Mass>0.1</Mass>
	  <StuffPower_Armor_Sharp>0.7</StuffPower_Armor_Sharp>
      <StuffPower_Armor_Blunt>0.35</StuffPower_Armor_Blunt>
      <StuffPower_Armor_Heat>0.52</StuffPower_Armor_Heat>
      <StuffPower_Insulation_Cold>3</StuffPower_Insulation_Cold>
      <StuffPower_Insulation_Heat>0</StuffPower_Insulation_Heat>
      <SharpDamageMultiplier>0.7</SharpDamageMultiplier>
      <BluntDamageMultiplier>0.8</BluntDamageMultiplier>
    </statBases>
    <thingCategories>
      <li>ResourcesRaw</li>
    </thingCategories>
	<stackLimit>150</stackLimit>
	      <smeltable>true</smeltable>
    <stuffProps>
      <categories>
        <li>Metallic</li>
      </categories>
      <commonality>0.20</commonality>
      <constructEffect>ConstructMetal</constructEffect>
      <color>(112,116,131)</color>
      <soundMeleeHitSharp>MeleeHit_Metal_Sharp</soundMeleeHitSharp>
      <soundMeleeHitBlunt>MeleeHit_Metal_Blunt</soundMeleeHitBlunt>
      <statFactors>
        <MaxHitPoints>0.8</MaxHitPoints>
        <Beauty>0.8</Beauty>
        <Flammability>0.05</Flammability>
        <WorkToMake>1.4</WorkToMake>
				<WorkToBuild>1.4</WorkToBuild>
        <MeleeWeapon_CooldownMultiplier>1.2</MeleeWeapon_CooldownMultiplier>
		
		<BedRestEffectiveness>0.7</BedRestEffectiveness>
	    <WorkTableWorkSpeedFactor>0.7</WorkTableWorkSpeedFactor>
		<ResearchSpeedFactor>0.7</ResearchSpeedFactor>
	    <ImmunityGainSpeedFactor>0.6</ImmunityGainSpeedFactor>
		 <MedicalTendQualityOffset>0.6</MedicalTendQualityOffset>
		<TrapMeleeDamage>0.85</TrapMeleeDamage>
      </statFactors>

    </stuffProps>
  </ThingDef>
  
  <ThingDef ParentName="ResourceBase">
    <defName>Myrithium</defName>
    <label>Myrithium</label>
    <description>An ultra-strong material produced by the synthesis of tisnite and eftam using N-16 gas. The best material for walls and defences. Also can be used to create traps and melee weapons.</description>
    <graphicData>
      <texPath>Res/Myrithiumtex</texPath>
      <graphicClass>Graphic_Single</graphicClass>
    </graphicData>
    <soundInteract>Metal_Drop</soundInteract>
    <soundDrop>Metal_Drop</soundDrop>
    <useHitPoints>false</useHitPoints>
    <statBases>
      <MarketValue>8</MarketValue>
      <Mass>1.2</Mass>
	  <StuffPower_Armor_Sharp>1.48</StuffPower_Armor_Sharp>
      <StuffPower_Armor_Blunt>0.79</StuffPower_Armor_Blunt>
      <StuffPower_Armor_Heat>1.34</StuffPower_Armor_Heat>
      <StuffPower_Insulation_Cold>3</StuffPower_Insulation_Cold>
      <StuffPower_Insulation_Heat>0</StuffPower_Insulation_Heat>
      <SharpDamageMultiplier>1.2</SharpDamageMultiplier>
      <BluntDamageMultiplier>1.2</BluntDamageMultiplier>
    </statBases>
    <thingCategories>
      <li>ResourcesRaw</li>
    </thingCategories>
	      <smeltable>true</smeltable>
    <stuffProps>
      <categories>
        <li>Metallic</li>
      </categories>
      <commonality>0.10</commonality>
      <constructEffect>ConstructMetal</constructEffect>
      <color>(171,151,147)</color>
      <soundMeleeHitSharp>MeleeHit_Metal_Sharp</soundMeleeHitSharp>
      <soundMeleeHitBlunt>MeleeHit_Metal_Blunt</soundMeleeHitBlunt>
      <statFactors>
        <MaxHitPoints>5</MaxHitPoints>
        <Beauty>1</Beauty>
        <Flammability>0</Flammability>
        <WorkToMake>5.4</WorkToMake>
				<WorkToBuild>9.4</WorkToBuild>
        <MeleeWeapon_CooldownMultiplier>1.3</MeleeWeapon_CooldownMultiplier>
		
	    <ImmunityGainSpeedFactor>0.95</ImmunityGainSpeedFactor>
		 <MedicalTendQualityOffset>0.95</MedicalTendQualityOffset>
		<TrapMeleeDamage>1.4</TrapMeleeDamage>
		<DoorOpenSpeed>0.6</DoorOpenSpeed>
	  
      </statFactors>

    </stuffProps>
  </ThingDef>
  
  <ThingDef ParentName="ResourceBase">
    <defName>Vilanit</defName>
    <label>Vilanite</label>
    <description>A unique material, produced by the synthesis of simerium and phasarium using N-16 gas. It absorbed the best properties of these metals: good look, high beauty, healing properties and high speed of work at bench. An ideal material for building all kinds of furniture, sculptures, workbenches, entertainment and doors.</description>
    <graphicData>
      <texPath>Res/Vilanittex</texPath>
      <graphicClass>Graphic_Single</graphicClass>
    </graphicData>
    <soundInteract>Metal_Drop</soundInteract>
    <soundDrop>Metal_Drop</soundDrop>
    <useHitPoints>false</useHitPoints>
    <statBases>
      <MarketValue>8</MarketValue>
      <Mass>0.25</Mass>
	  <StuffPower_Armor_Sharp>1.08</StuffPower_Armor_Sharp>
      <StuffPower_Armor_Blunt>0.46</StuffPower_Armor_Blunt>
      <StuffPower_Armor_Heat>0.8</StuffPower_Armor_Heat>
      <StuffPower_Insulation_Cold>3</StuffPower_Insulation_Cold>
      <StuffPower_Insulation_Heat>0</StuffPower_Insulation_Heat>
      <SharpDamageMultiplier>1</SharpDamageMultiplier>
      <BluntDamageMultiplier>1</BluntDamageMultiplier>
    </statBases>
    <thingCategories>
      <li>ResourcesRaw</li>
    </thingCategories>
	      <smeltable>true</smeltable>
    <stuffProps>
      <categories>
        <li>Metallic</li>
      </categories>
      <commonality>0.05</commonality>
      <constructEffect>ConstructMetal</constructEffect>
      <color>(138,138,168)</color>
      <soundMeleeHitSharp>MeleeHit_Metal_Sharp</soundMeleeHitSharp>
      <soundMeleeHitBlunt>MeleeHit_Metal_Blunt</soundMeleeHitBlunt>
	   <statOffsets>
        <Beauty>8</Beauty>
      </statOffsets>
      <statFactors>
        <MaxHitPoints>1.7</MaxHitPoints>
        <Beauty>2.75</Beauty>
        <Flammability>0.2</Flammability>
        <WorkToMake>3.8</WorkToMake>
				<WorkToBuild>3.2</WorkToBuild>
        <MeleeWeapon_CooldownMultiplier>1.1</MeleeWeapon_CooldownMultiplier>
		
		<BedRestEffectiveness>1.5</BedRestEffectiveness>
	    <WorkTableWorkSpeedFactor>1.4</WorkTableWorkSpeedFactor>
		<ResearchSpeedFactor>1.4</ResearchSpeedFactor>
	    <ImmunityGainSpeedFactor>1.25</ImmunityGainSpeedFactor>
		 <MedicalTendQualityOffset>1.25</MedicalTendQualityOffset>
		<TrapMeleeDamage>0.3</TrapMeleeDamage>
		<JoyGainFactor>1.3</JoyGainFactor>
	  <DoorOpenSpeed>1.4</DoorOpenSpeed>
      </statFactors>

    </stuffProps>
  </ThingDef>
  
  <ThingDef ParentName="ResourceBase">
    <defName>Elementx</defName>
    <label>Element X-32</label>
    <description> A misterious, poorly-studied material, occasionally obtained by the synthesis of tisnite and plasteel using N-16 gas. Little is known about it, but one group of scientists revealed it's abnormal properties - an abrupt acceleration, like a wave of a sword, make X-32 lighter and cause it to emit energy. So, X-32 is a material, a really deadly melee weapon can be crafted from. Also needed for creation of mecha prosthetics.</description>
    <graphicData>
      <texPath>Res/ElemX32tex</texPath>
      <graphicClass>Graphic_Single</graphicClass>
    </graphicData>
    <soundInteract>Metal_Drop</soundInteract>
    <soundDrop>Metal_Drop</soundDrop>
    <useHitPoints>false</useHitPoints>
    <statBases>
      <MarketValue>10</MarketValue>
      <Mass>0.25</Mass>
	  <StuffPower_Armor_Sharp>0.8</StuffPower_Armor_Sharp>
      <StuffPower_Armor_Blunt>0.4</StuffPower_Armor_Blunt>
      <StuffPower_Armor_Heat>0.7</StuffPower_Armor_Heat>
      <StuffPower_Insulation_Cold>3</StuffPower_Insulation_Cold>
      <StuffPower_Insulation_Heat>0</StuffPower_Insulation_Heat>
      <SharpDamageMultiplier>1.5</SharpDamageMultiplier>
      <BluntDamageMultiplier>1.5</BluntDamageMultiplier>
    </statBases>
    <thingCategories>
      <li>ResourcesRaw</li>
    </thingCategories>
	      <smeltable>true</smeltable>
    <stuffProps>
      <categories>
        <li>Metallic</li>
      </categories>
      <commonality>0.02</commonality>
      <constructEffect>ConstructMetal</constructEffect>
      <color>(72,74,79)</color>
      <soundMeleeHitSharp>MeleeHit_Metal_Sharp</soundMeleeHitSharp>
      <soundMeleeHitBlunt>MeleeHit_Metal_Blunt</soundMeleeHitBlunt>
      <statFactors>
        <MaxHitPoints>3.3</MaxHitPoints>
        <Beauty>0.1</Beauty>
        <Flammability>0</Flammability>
        <WorkToMake>8.8</WorkToMake>
				<WorkToBuild>7.8</WorkToBuild>
        <MeleeWeapon_CooldownMultiplier>0.85</MeleeWeapon_CooldownMultiplier>
		
		<BedRestEffectiveness>0.4</BedRestEffectiveness>
	    <WorkTableWorkSpeedFactor>0.4</WorkTableWorkSpeedFactor>
		<ResearchSpeedFactor>0.4</ResearchSpeedFactor>
	    <ImmunityGainSpeedFactor>0.4</ImmunityGainSpeedFactor>
		 <MedicalTendQualityOffset>0.4</MedicalTendQualityOffset>
		<TrapMeleeDamage>0.2</TrapMeleeDamage>
		<JoyGainFactor>0.4</JoyGainFactor>
	  <DoorOpenSpeed>0.5</DoorOpenSpeed>
      </statFactors>

    </stuffProps>
  </ThingDef>
  
  <ThingDef ParentName="ResourceBase">
    <defName>Teachmat</defName>
    <label>Traimat</label>
    <description>Training material ("Traimat" for short) - a unique material with complex composition. It is not just an alloy - it's a material-mechanism, made from simerium, components and metal slag. Its main feature is rather unique too - it would take eternity to craft or build something from this material. Though, it can be used to train crafters, sculptors and builders, avoiding waste of other resources.</description>
    <graphicData>
      <texPath>Res/Teachtex</texPath>
      <graphicClass>Graphic_Single</graphicClass>
    </graphicData>
    <soundInteract>Metal_Drop</soundInteract>
    <soundDrop>Metal_Drop</soundDrop>
    <useHitPoints>false</useHitPoints>
    <statBases>
      <MarketValue>0.3</MarketValue>
      <Mass>0.05</Mass>
	  <StuffPower_Armor_Sharp>0.6</StuffPower_Armor_Sharp>
      <StuffPower_Armor_Blunt>0.3</StuffPower_Armor_Blunt>
      <StuffPower_Armor_Heat>0.6</StuffPower_Armor_Heat>
      <StuffPower_Insulation_Cold>3</StuffPower_Insulation_Cold>
      <StuffPower_Insulation_Heat>0</StuffPower_Insulation_Heat>
      <SharpDamageMultiplier>0.1</SharpDamageMultiplier>
      <BluntDamageMultiplier>0.1</BluntDamageMultiplier>
    </statBases>
    <thingCategories>
      <li>ResourcesRaw</li>
    </thingCategories>
	<stackLimit>250</stackLimit>
	      <smeltable>true</smeltable>
    <stuffProps>
      <categories>
        <li>Metallic</li>
      </categories>
      <commonality>0</commonality>
      <constructEffect>ConstructMetal</constructEffect>
      <color>(170,176,168)</color>
      <soundMeleeHitSharp>MeleeHit_Metal_Sharp</soundMeleeHitSharp>
      <soundMeleeHitBlunt>MeleeHit_Metal_Blunt</soundMeleeHitBlunt>
      <statFactors>
        <MaxHitPoints>0.75</MaxHitPoints>
        <Beauty>0.2</Beauty>
        <Flammability>0.2</Flammability>
        <WorkToMake>50</WorkToMake>
		<WorkToBuild>50</WorkToBuild>
        <MeleeWeapon_CooldownMultiplier>5</MeleeWeapon_CooldownMultiplier>
		
		<BedRestEffectiveness>0.5</BedRestEffectiveness>
	    <WorkTableWorkSpeedFactor>0.5</WorkTableWorkSpeedFactor>
		<ResearchSpeedFactor>0.5</ResearchSpeedFactor>
	    <ImmunityGainSpeedFactor>0.5</ImmunityGainSpeedFactor>
		 <MedicalTendQualityOffset>0.5</MedicalTendQualityOffset>
		<TrapMeleeDamage>0.1</TrapMeleeDamage>
		<JoyGainFactor>0.5</JoyGainFactor>
	  <DoorOpenSpeed>0.5</DoorOpenSpeed>
	  <MarketValue>0.3</MarketValue>
      </statFactors>

    </stuffProps>
  </ThingDef>
  
   <ThingDef ParentName="ResourceBase">
    <defName>Gasnenkj</defName>
    <label>Gas N-16</label>
    <description>A unique gas, extracted from ancient boreholes on a map. Little amount of steel is needed for extraction. N-16 is use in production of materials such as eftam, traimat, myrithium, vilanite and element X-32. Also can be recycled into chemfuel in a gas converter</description>
		<tickerType>Normal</tickerType>
    <graphicData>
      <texPath>Res/Gaztex</texPath>
      <graphicClass>Graphic_Single</graphicClass>
    </graphicData>
    <stackLimit>250</stackLimit>
		<statBases>
      <MaxHitPoints>250</MaxHitPoints>
      <MarketValue>0.3</MarketValue>
      <Mass>0.01</Mass>
      <Flammability>1.0</Flammability>
			<DeteriorationRate>1.0</DeteriorationRate>
		</statBases>
    <thingCategories>
      <li>Manufactured</li>
    </thingCategories>
  </ThingDef>
  
  
     <ThingDef ParentName="ResourceBase">
    <defName>Mechanites</defName>
    <label>Mechanites</label>
    <description>Container with mechanites. Mechanites are requred for creation of hi-tech materials, items and buildings.</description>
		<tickerType>Normal</tickerType>
    <graphicData>
      <texPath>Res/Nanorobotstex</texPath>
      <graphicClass>Graphic_Single</graphicClass>
    </graphicData>
    <stackLimit>50</stackLimit>
		<statBases>
      <MaxHitPoints>250</MaxHitPoints>
      <MarketValue>105</MarketValue>
      <Mass>0.5</Mass>
      <Flammability>1.0</Flammability>
			<DeteriorationRate>1.0</DeteriorationRate>
		</statBases>
    <thingCategories>
      <li>Manufactured</li>
    </thingCategories>
  </ThingDef>
  

    <ThingDef ParentName="ResourceBase">
    <defName>Energx</defName>
    <label>Energу cell</label>
    <description>An ancient rare container with a huge supply of energy. It can be found in underground deposits of 1x1, and in ancient tombs. Needed to create a mecha-generator..</description>
		<tickerType>Normal</tickerType>
    <graphicData>
      <texPath>Res/energ2</texPath>
      <graphicClass>Graphic_Single</graphicClass>
    </graphicData>
    <stackLimit>75</stackLimit>
		<statBases>
      <MaxHitPoints>140</MaxHitPoints>
      <MarketValue>25</MarketValue>
      <Mass>0.35</Mass>
      <Flammability>1.0</Flammability>
			<DeteriorationRate>1.0</DeteriorationRate>
		</statBases>
    <thingCategories>
      <li>Manufactured</li>
    </thingCategories>
	<deepCommonality>0.25</deepCommonality>
    <deepCountPerPortion>3</deepCountPerPortion>
    <deepLumpSizeRange>
      <min>1</min>
      <max>1</max>
    </deepLumpSizeRange>
  </ThingDef>
  
        <ThingDef ParentName="ResourceBase">
    <defName>McoinB</defName>
    <label>Astro-coin (not-activ.)</label>
    <description>Translucent luminous ingot with unknown hieroglyphs on the front side. used in the Terminal to obtain unique buildings and items of equipment for the "Mechalit" faction.
           To trade astro-coins, you need to activate in the terminal, for this you need vilanite and energy cells. The activated astro-coin has a different color:
           Astro-coins cannot be created or bought from merchants, they can be obtained in an unactivated form only in the following ways:
           - Find in ancient dangers.
           - Get rewarded for quests.
- Receive when disassembling terminals
           - Get Mechalit and Renegades Mechalit from their defenders when storming the bases of the Mechalit and Renegades (if the Mechalit Faction-2 mod is enabled)
           - Received from the usual raiders of the "Mechalit" faction, but with a very low probability. (if Mechalit Faction-2 mod is enabled)
            Immediately activated astro-coins cannot be obtained in any way, except by activating them on the Terminal.</description>
		<tickerType>Normal</tickerType>
    <graphicData>
      <texPath>Res/mcoinsb</texPath>
      <graphicClass>Graphic_Single</graphicClass>
    </graphicData>
	    <useHitPoints>false</useHitPoints>
    <stackLimit>50</stackLimit>
		<statBases>
      <MarketValue>80</MarketValue>
      <Mass>0.25</Mass>
		</statBases>
    <thingCategories>
      <li>Manufactured</li>
    </thingCategories>
					    <thingSetMakerTags>
      <li>RewardStandardHighFreq</li>
    </thingSetMakerTags>
			<tradeability>Sellable</tradeability>
  </ThingDef>
  
      <ThingDef ParentName="ResourceBase">
    <defName>Mcoin</defName>
    <label>Astro-coin</label>
    <description>A translucent luminous ingot with unknown hieroglyphs on the front side. It is used in the Terminal to obtain unique buildings and items of equipment for the "Mechalit" faction.
            This is an activated astro-coin, it can be used to buy items in the "Terminal", but for this you need to study the corresponding research.</description>
		<tickerType>Normal</tickerType>
    <graphicData>
      <texPath>Res/mcoins</texPath>
      <graphicClass>Graphic_Single</graphicClass>
    </graphicData>
	    <useHitPoints>false</useHitPoints>
    <stackLimit>50</stackLimit>
		<statBases>
      <MarketValue>100</MarketValue>
      <Mass>0.25</Mass>
		</statBases>
		    <comps>
	  <li Class="CompProperties_Glower">
        <glowRadius>2.5</glowRadius>
        <glowColor>(100,250,250,0)</glowColor>
      </li>
    </comps>
    <thingCategories>
      <li>Manufactured</li>
    </thingCategories>
			<tradeability>Sellable</tradeability>
  </ThingDef>
  
        <ThingDef ParentName="ResourceBase">
    <defName>ResPack</defName>
    <label>Astro-chest</label>
    <description>Patterned gold container manufactured by Res-Port. Such a container can be exchanged for any ore, stone or wood in an amount equal to the cost of 500 silver. Thus, you can accumulate astro-cases and at any time change them for any scarce resource from the list of tasks. Astro Cases themselves cost nothing and do not increase the cost of the colony.</description>
		<tickerType>Normal</tickerType>
    <graphicData>
      <texPath>Res/respack</texPath>
      <graphicClass>Graphic_Single</graphicClass>
	        <drawSize>0.75</drawSize>
    </graphicData>
	    <useHitPoints>false</useHitPoints>
    <stackLimit>75</stackLimit>
		<statBases>
      <MarketValue>3</MarketValue>
      <Mass>1</Mass>
		</statBases>
    <thingCategories>
      <li>Manufactured</li>
    </thingCategories>
			<tradeability>Sellable</tradeability>
  </ThingDef>
  
       <ThingDef ParentName="ResourceBase">
    <defName>MechanComp</defName>
    <label>Mecha device</label>
    <description>Mini device  that controls the movement of mechanites. Requed for super advanced items and buildings.</description>
		<tickerType>Normal</tickerType>
    <graphicData>
      <texPath>Res/MechaComp</texPath>
      <graphicClass>Graphic_Single</graphicClass>
    </graphicData>
    <stackLimit>25</stackLimit>
		<statBases>
      <MaxHitPoints>400</MaxHitPoints>
      <MarketValue>600</MarketValue>
      <Mass>0.75</Mass>
      <Flammability>1.0</Flammability>
			<DeteriorationRate>1.0</DeteriorationRate>
		</statBases>
    <thingCategories>
      <li>Manufactured</li>
    </thingCategories>
  </ThingDef>
  
  
  
</Defs>