﻿<?xml version="1.0" encoding="utf-8" ?>
<Defs>


  
  <GenStepDef>
    <defName>SteamGeysersGaz</defName>
    <order>550</order>
    <genStep Class="GenStep_ScatterThings">
      <thingDef>Ancientborehole</thingDef>
			<!--allowOnWater>false</allowOnWater-->
			<minSpacing>15</minSpacing>
      <extraNoBuildEdgeDist>4</extraNoBuildEdgeDist>
	        <countPer10kCellsRange>1.2~1.4</countPer10kCellsRange>
      <clearSpaceSize>20</clearSpaceSize>
      <terrainValidationRadius>4</terrainValidationRadius>
      <terrainValidationDisallowed>
        <li>Road</li>
      </terrainValidationDisallowed>
      <validators>
        <li Class="ScattererValidator_Buildable">
          <radius>4</radius>
          <affordance>Heavy</affordance>
        </li>
        <li Class="ScattererValidator_NoNonNaturalEdifices">
          <radius>4</radius>
        </li>
      </validators>
    </genStep>
  </GenStepDef>
  
    <GenStepDef>
    <defName>TerminalSpawning</defName>
    <order>545</order>
    <genStep Class="GenStep_ScatterThings">
      <thingDef>MechaTerminal</thingDef>
			<!--allowOnWater>false</allowOnWater-->
			<minSpacing>15</minSpacing>
      <extraNoBuildEdgeDist>4</extraNoBuildEdgeDist>
	        <countPer10kCellsRange>0.35~0.4</countPer10kCellsRange>
      <clearSpaceSize>20</clearSpaceSize>
      <terrainValidationRadius>4</terrainValidationRadius>
      <terrainValidationDisallowed>
        <li>Road</li>
      </terrainValidationDisallowed>
      <validators>
        <li Class="ScattererValidator_Buildable">
          <radius>4</radius>
          <affordance>Heavy</affordance>
        </li>
        <li Class="ScattererValidator_NoNonNaturalEdifices">
          <radius>4</radius>
        </li>
      </validators>
    </genStep>
  </GenStepDef>
  

</Defs>