﻿<?xml version="1.0" encoding="utf-8" ?>
<Defs>

  	<ThingDef ParentName="BenchBase">
    <defName>Ancientborehole</defName>
    <label>Ancient borehole</label>
    <thingClass>Building_WorkTable</thingClass>
    <description>An old building for gas extraction. When powered, allows to extract N-16 gas. Extraction of one batch of gas requires 4 units of steel (for single-use drill).</description>
    <graphicData>
      <texPath>Build/GasN16tex</texPath>
      <graphicClass>Graphic_Single</graphicClass>
      <drawSize>(2,2)</drawSize>
      <damageData>
        <cornerTL>Damage/Corner</cornerTL>
        <cornerTR>Damage/Corner</cornerTR>
        <cornerBL>Damage/Corner</cornerBL>
        <cornerBR>Damage/Corner</cornerBR>
      </damageData>
	  <drawRotated>false</drawRotated>
    </graphicData>
    <constructEffect>ConstructMetal</constructEffect>
    <costList>
	  <Eftam>30</Eftam>
      <Steel>10</Steel>
	  <ComponentIndustrial>2</ComponentIndustrial>
    </costList>
    <altitudeLayer>Building</altitudeLayer>
    <fillPercent>0.5</fillPercent>
    <statBases>
      <WorkToBuild>7500</WorkToBuild>
      <MaxHitPoints>180</MaxHitPoints>
      <Flammability>0</Flammability>
    </statBases>
    <size>(2,2)</size>
    <passability>PassThroughOnly</passability>
    <pathCost>70</pathCost>
    <hasInteractionCell>True</hasInteractionCell>
    <interactionCellOffset>(0,0,-1)</interactionCellOffset>
    <surfaceType>Item</surfaceType>
    <inspectorTabs>
      <li>ITab_Bills</li>
    </inspectorTabs>
    <comps>
      <li Class="CompProperties_Power">
        <compClass>CompPowerTrader</compClass>
        <basePowerConsumption>400</basePowerConsumption>
      </li>
      <li Class="CompProperties_Flickable"/>
      <li Class="CompProperties_Breakdownable"/>
	  <li Class="CompProperties_AffectedByFacilities">
        <linkableFacilities>
          <li>MicroScanner</li>
        </linkableFacilities>
      </li>
	  <li Class="CompProperties_Glower">
        <glowRadius>3</glowRadius>
        <glowColor>(150,250,100,0)</glowColor>
      </li>
    </comps>
    <building>
      <spawnedConceptLearnOpportunity>BillsTab</spawnedConceptLearnOpportunity>
	  <isEdifice>false</isEdifice>
      <!--claimable>false</claimable-->
      <!--deconstructible>false</deconstructible-->
    </building>
	<!--destroyable>false</destroyable-->
	<useHitPoints>false</useHitPoints>
	 <tickerType>Normal</tickerType>
	 <selectable>true</selectable>
	     <minifiedDef />
    <thingCategories Inherit="false" />
	 
  </ThingDef>
  
  
  <ThingDef ParentName="BenchBase">
    <defName>Gasconverter</defName>
    <label>Gas converter</label>
    <thingClass>Building_WorkTable_HeatPush</thingClass>
    <description>This bench is used for synthesis of various materials. Majority of recipes require N-16 gas.</description>
    <graphicData>
      <texPath>Build/Gasconvertertex</texPath>
      <graphicClass>Graphic_Multi</graphicClass>
      <drawSize>(3.5,1.5)</drawSize>
      <damageData>
        <cornerTL>Damage/Corner</cornerTL>
        <cornerTR>Damage/Corner</cornerTR>
        <cornerBL>Damage/Corner</cornerBL>
        <cornerBR>Damage/Corner</cornerBR>
      </damageData>
	  <shaderType>CutoutComplex</shaderType>
    </graphicData>
	<costStuffCount>110</costStuffCount>
    <costList>
      <Steel>90</Steel>
      <ComponentIndustrial>5</ComponentIndustrial>
    </costList>
	<stuffCategories>
	<li>Metallic</li>
	</stuffCategories>
    <altitudeLayer>Building</altitudeLayer>
    <fillPercent>0.5</fillPercent>
    <useHitPoints>True</useHitPoints>
    <statBases>
      <WorkToBuild>3500</WorkToBuild>
      <MaxHitPoints>280</MaxHitPoints>
      <Flammability>1.0</Flammability>
	 <Mass>55</Mass>
    </statBases>
    <size>(3,1)</size>
    <designationCategory>Production</designationCategory>
    <passability>PassThroughOnly</passability>
    <pathCost>70</pathCost>
    <hasInteractionCell>True</hasInteractionCell>
    <interactionCellOffset>(0,0,-1)</interactionCellOffset>
    <surfaceType>Item</surfaceType>
    <inspectorTabs>
      <li>ITab_Bills</li>
    </inspectorTabs>
    <comps>
      <li Class="CompProperties_Power">
        <compClass>CompPowerTrader</compClass>
        <basePowerConsumption>400</basePowerConsumption>
      </li>
      <li Class="CompProperties_Flickable"/>
      <li Class="CompProperties_Breakdownable"/>
	  <li Class="CompProperties_AffectedByFacilities">
        <linkableFacilities>
          <li>ToolCabinet</li>
        </linkableFacilities>
      </li>
	  	 <li Class="CompProperties_Glower">
        <glowRadius>3</glowRadius>
        <glowColor>(200,250,50,0)</glowColor>
      </li>
    </comps>
    <building>
      <spawnedConceptLearnOpportunity>BillsTab</spawnedConceptLearnOpportunity>
      <heatPerTickWhileWorking>0.50</heatPerTickWhileWorking>
    </building>
    <researchPrerequisites>
      <li>ResConverter</li>
    </researchPrerequisites>
		<constructionSkillPrerequisite>5</constructionSkillPrerequisite>
  </ThingDef>
  
  <ThingDef ParentName="BenchBase">
    <defName>MechaLab</defName>
    <label>Mecha prosthetics lab</label>
    <thingClass>Building_WorkTable_HeatPush</thingClass>
    <description>A bench, used to create advanced prosthetics. They are made from myrithium, element X-32 and mechanites and greatly increase almost all pawn's stats.</description>
    <graphicData>
      <texPath>MehaProt/MehaProtProd</texPath>
      <graphicClass>Graphic_Multi</graphicClass>
      <drawSize>(3.5,1.5)</drawSize>
      <damageData>
        <cornerTL>Damage/Corner</cornerTL>
        <cornerTR>Damage/Corner</cornerTR>
        <cornerBL>Damage/Corner</cornerBL>
        <cornerBR>Damage/Corner</cornerBR>
      </damageData>
	  <shaderType>CutoutComplex</shaderType>
    </graphicData>
	<costStuffCount>120</costStuffCount>
    <costList>
      <Steel>250</Steel>
      <Mechanites>10</Mechanites>
    </costList>
	<stuffCategories>
	<li>Metallic</li>
	</stuffCategories>
    <altitudeLayer>Building</altitudeLayer>
    <fillPercent>0.5</fillPercent>
    <useHitPoints>True</useHitPoints>
    <statBases>
      <WorkToBuild>4500</WorkToBuild>
      <MaxHitPoints>370</MaxHitPoints>
      <Flammability>1.0</Flammability>
	 <Mass>65</Mass>
    </statBases>
    <size>(3,1)</size>
    <designationCategory>Production</designationCategory>
    <passability>PassThroughOnly</passability>
    <pathCost>70</pathCost>
    <hasInteractionCell>True</hasInteractionCell>
    <interactionCellOffset>(0,0,-1)</interactionCellOffset>
    <surfaceType>Item</surfaceType>
    <inspectorTabs>
      <li>ITab_Bills</li>
    </inspectorTabs>
    <comps>
      <li Class="CompProperties_Power">
        <compClass>CompPowerTrader</compClass>
        <basePowerConsumption>500</basePowerConsumption>
      </li>
      <li Class="CompProperties_Flickable"/>
      <li Class="CompProperties_Breakdownable"/>
	  <li Class="CompProperties_AffectedByFacilities">
        <linkableFacilities>
          <li>ToolCabinet</li>
        </linkableFacilities>
      </li>
	   <li Class="CompProperties_Glower">
        <glowRadius>3</glowRadius>
        <glowColor>(50,250,250,0)</glowColor>
      </li>
    </comps>
    <building>
      <spawnedConceptLearnOpportunity>BillsTab</spawnedConceptLearnOpportunity>
    </building>
    <researchPrerequisites>
      <li>ResMechaProstheses</li>
    </researchPrerequisites>
		<constructionSkillPrerequisite>8</constructionSkillPrerequisite>
  </ThingDef>
  
  
  
  
  
  <ThingDef ParentName="BuildingBase">
    <defName>MechaponicBox</defName>
    <label>Mechaponics</label>
    <description>A unique construction, that uses mechanites to accelerate plant growth. Trees, devilstrand, corn, haygrass and other plants, that can't be grown on common hydroponics, can be grown on mechaponics. It's very expensive and consumes a lot of power, but allows to grow rare plants very quickly and without sunlamps (mechaponics has it's own).\n Fertility: 900%</description>
    <thingClass>Building_PlantGrower</thingClass>
    <graphicData>
      <texPath>Build/MechponicTex</texPath>
      <graphicClass>Graphic_Single</graphicClass>
      <drawSize>(1,1)</drawSize>
	        <damageData>
        <cornerTL>Damage/Corner</cornerTL>
        <cornerTR>Damage/Corner</cornerTR>
        <cornerBL>Damage/Corner</cornerBL>
        <cornerBR>Damage/Corner</cornerBR>
      </damageData>
    </graphicData>
	<uiIconScale>0.8</uiIconScale>
    <altitudeLayer>LowPlant</altitudeLayer>
    <passability>PassThroughOnly</passability>
    <pathCost>50</pathCost>
    <constructEffect>ConstructMetal</constructEffect>
    <fillPercent>0.30</fillPercent>
	 <castEdgeShadows>false</castEdgeShadows>
    <canOverlapZones>false</canOverlapZones>
    <statBases>
      <WorkToBuild>2800</WorkToBuild>
      <MaxHitPoints>300</MaxHitPoints>
      <Flammability>0.2</Flammability>
      <Cleanliness>1</Cleanliness>
	<Mass>5</Mass>
    </statBases>
    <size>(1,1)</size>
    <costList>
      <Steel>80</Steel>
	  <Vilanit>20</Vilanit>
      <Mechanites>1</Mechanites>
    </costList>
    <fertility>9</fertility>
    <building>
      <defaultPlantToGrow>Plant_Rice</defaultPlantToGrow>
      <sowTag>Ground</sowTag>
    </building>
    <tickerType>Rare</tickerType>
    <comps>
      <li Class="CompProperties_Forbiddable"/>
      <li Class="CompProperties_Power">
        <compClass>CompPowerTrader</compClass>
        <basePowerConsumption>100</basePowerConsumption>
		<shortCircuitInRain>false</shortCircuitInRain>
      </li>
      <li Class="CompProperties_Flickable"/>
	  <li Class="CompProperties_Glower">
        <overlightRadius>1.5</overlightRadius>
        <glowRadius>3</glowRadius>
        <glowColor>(250,250,250,0)</glowColor>
      </li>
    </comps>
    <researchPrerequisites>
	<li>ResMechaponicBox</li>
	</researchPrerequisites>
    <terrainAffordanceNeeded>Medium</terrainAffordanceNeeded>
    <designationCategory>Production</designationCategory>
	<rotatable>false</rotatable>
	<minifiedDef>MinifiedThing</minifiedDef>
	    <thingCategories>
      <li>BuildingsFurniture</li>
    </thingCategories>
	<constructionSkillPrerequisite>6</constructionSkillPrerequisite>
  </ThingDef>
  
  
  
  
  <ThingDef ParentName="BuildingBase">
    <defName>DesintegratorMeh</defName>
    <label>Desintegrator</label>
    <description>High-tech replacement for the crematorium. Splits into atoms whatever it pleases. It is an invulnerable platform (like a workplace), on which a destroyed item is placed and then disintegrates. Does not require electricity, does not take up space, can be installed in any dangerous place (for example, in a killbox) without fear of being destroyed.</description>
    <thingClass>Building_WorkTable</thingClass>
    <graphicData>
      <texPath>Build/DesintSpot</texPath>
      <graphicClass>Graphic_Single</graphicClass>
      <drawSize>(1,1)</drawSize>
    </graphicData>
    <altitudeLayer>FloorEmplacement</altitudeLayer>
    <statBases>
      <WorkToBuild>500</WorkToBuild>
      <WorkTableWorkSpeedFactor>10</WorkTableWorkSpeedFactor>
    </statBases>
	    <costList>
      <Elementx>15</Elementx>
	  <Energx>3</Energx>
      <Mechanites>1</Mechanites>
    </costList>
    <scatterableOnMapGen>false</scatterableOnMapGen>
    <useHitPoints>false</useHitPoints>
    <size>(1,1)</size>
    <designationCategory>Production</designationCategory>
    <passability>Standable</passability>
    <hasInteractionCell>True</hasInteractionCell>
    <interactionCellOffset>(0,0,-1)</interactionCellOffset>
    <surfaceType>Item</surfaceType>
    <recipes>
	        <li>DesCorpse</li>
      <li>DesApparel</li>
      <li>DesWeapon</li>
      <li>DesDrugs</li>
    </recipes>
    <inspectorTabs>
      <li>ITab_Bills</li>
    </inspectorTabs>
    <building>
      <spawnedConceptLearnOpportunity>BillsTab</spawnedConceptLearnOpportunity>
      <sowTag>SupportPlantsOnly</sowTag>
      <canPlaceOverImpassablePlant>false</canPlaceOverImpassablePlant>
      <ai_chillDestination>false</ai_chillDestination>
      <artificialForMeditationPurposes>false</artificialForMeditationPurposes>
      <buildingTags>
        <li>Production</li>
      </buildingTags>
    </building>
    <!--comps>
      <li>
        <compClass>CompReportWorkSpeed</compClass>
      </li>
    </comps-->
    <placeWorkers>
      <li>PlaceWorker_PreventInteractionSpotOverlap</li>
    </placeWorkers>
	    <researchPrerequisites>
	<li>ResMechanites</li>
	</researchPrerequisites>
		<constructionSkillPrerequisite>4</constructionSkillPrerequisite>
	<comps>
	<li Class="CompProperties_Glower">
        <glowRadius>1</glowRadius>
        <glowColor>(100,250,200,0)</glowColor>
      </li>
	</comps>
  </ThingDef>
  
   
  
</Defs>